task_id,run_number,reading_index,acquisition_time_utc,elapsed_s,output_voltage_v,equivalent_input_offset_v
DMM7510_short_100mV_10NPLC_drfit,1,1,2026-09-03T13:08:34.634628+00:00,3.359999999993e-01,-1.193518000000e-06,-1.193518000000e-06
DMM7510_short_100mV_10NPLC_drfit,1,2,2026-09-03T13:08:35.298628+00:00,1.000000000004e+00,-1.230805000000e-06,-1.230805000000e-06
DMM7510_short_100mV_10NPLC_drfit,1,3,2026-09-03T13:08:35.954628+00:00,1.655999999999e+00,-1.172545000000e-06,-1.172545000000e-06
DMM7510_short_100mV_10NPLC_drfit,1,4,2026-09-03T13:08:36.610628+00:00,2.312000000002e+00,-1.233653000000e-06,-1.233653000000e-06
DMM7510_short_100mV_10NPLC_drfit,1,5,2026-09-03T13:08:37.274628+00:00,2.975999999999e+00,-1.223166000000e-06,-1.223166000000e-06
DMM7510_short_100mV_10NPLC_drfit,1,6,2026-09-03T13:08:37.939128+00:00,3.640500000001e+00,-1.209054000000e-06,-1.209054000000e-06
DMM7510_short_100mV_10NPLC_drfit,1,7,2026-09-03T13:08:38.595628+00:00,4.297000000002e+00,-1.203487000000e-06,-1.203487000000e-06
DMM7510_short_100mV_10NPLC_drfit,1,8,2026-09-03T13:08:39.251628+00:00,4.953000000001e+00,-1.222648000000e-06,-1.222648000000e-06
DMM7510_short_100mV_10NPLC_drfit,1,9,2026-09-03T13:08:39.915628+00:00,5.617000000002e+00,-1.224461000000e-06,-1.224461000000e-06
DMM7510_short_100mV_10NPLC_drfit,1,10,2026-09-03T13:08:40.579628+00:00,6.280999999999e+00,-1.252425000000e-06,-1.252425000000e-06
DMM7510_short_100mV_10NPLC_drfit,1,11,2026-09-03T13:08:41.235628+00:00,6.937000000002e+00,-1.168013000000e-06,-1.168013000000e-06
DMM7510_short_100mV_10NPLC_drfit,1,12,2026-09-03T13:08:41.892128+00:00,7.593499999999e+00,-1.221613000000e-06,-1.221613000000e-06
DMM7510_short_100mV_10NPLC_drfit,1,13,2026-09-03T13:08:42.556628+00:00,8.258000000002e+00,-1.168143000000e-06,-1.168143000000e-06
DMM7510_short_100mV_10NPLC_drfit,1,14,2026-09-03T13:08:43.220628+00:00,8.922000000002e+00,-1.185362000000e-06,-1.185362000000e-06
DMM7510_short_100mV_10NPLC_drfit,1,15,2026-09-03T13:08:43.876628+00:00,9.578000000001e+00,-1.150406000000e-06,-1.150406000000e-06
DMM7510_short_100mV_10NPLC_drfit,1,16,2026-09-03T13:08:44.532628+00:00,1.023400000000e+01,-1.146652000000e-06,-1.146652000000e-06
DMM7510_short_100mV_10NPLC_drfit,1,17,2026-09-03T13:08:45.189128+00:00,1.089050000000e+01,-1.194295000000e-06,-1.194295000000e-06
DMM7510_short_100mV_10NPLC_drfit,1,18,2026-09-03T13:08:45.853128+00:00,1.155450000000e+01,-1.205818000000e-06,-1.205818000000e-06
DMM7510_short_100mV_10NPLC_drfit,1,19,2026-09-03T13:08:46.517128+00:00,1.221850000000e+01,-1.126455000000e-06,-1.126455000000e-06
DMM7510_short_100mV_10NPLC_drfit,1,20,2026-09-03T13:08:47.173628+00:00,1.287500000000e+01,-1.221483000000e-06,-1.221483000000e-06
DMM7510_short_100mV_10NPLC_drfit,1,21,2026-09-03T13:08:47.829628+00:00,1.353100000000e+01,-1.207501000000e-06,-1.207501000000e-06
DMM7510_short_100mV_10NPLC_drfit,1,22,2026-09-03T13:08:48.493628+00:00,1.419500000000e+01,-1.184326000000e-06,-1.184326000000e-06
DMM7510_short_100mV_10NPLC_drfit,1,23,2026-09-03T13:08:49.157628+00:00,1.485900000000e+01,-1.161669000000e-06,-1.161669000000e-06
DMM7510_short_100mV_10NPLC_drfit,1,24,2026-09-03T13:08:49.814128+00:00,1.551550000000e+01,-1.139531000000e-06,-1.139531000000e-06
DMM7510_short_100mV_10NPLC_drfit,1,25,2026-09-03T13:08:50.470628+00:00,1.617200000000e+01,-1.156491000000e-06,-1.156491000000e-06
DMM7510_short_100mV_10NPLC_drfit,1,26,2026-09-03T13:08:51.126628+00:00,1.682800000000e+01,-1.163094000000e-06,-1.163094000000e-06
DMM7510_short_100mV_10NPLC_drfit,1,27,2026-09-03T13:08:51.782628+00:00,1.748400000000e+01,-1.132798000000e-06,-1.132798000000e-06
DMM7510_short_100mV_10NPLC_drfit,1,28,2026-09-03T13:08:52.446628+00:00,1.814800000000e+01,-1.173710000000e-06,-1.173710000000e-06
DMM7510_short_100mV_10NPLC_drfit,1,29,2026-09-03T13:08:53.110628+00:00,1.881200000000e+01,-1.204911000000e-06,-1.204911000000e-06
DMM7510_short_100mV_10NPLC_drfit,1,30,2026-09-03T13:08:53.767128+00:00,1.946850000000e+01,-1.184197000000e-06,-1.184197000000e-06
DMM7510_short_100mV_10NPLC_drfit,1,31,2026-09-03T13:08:54.423628+00:00,2.012500000000e+01,-1.139142000000e-06,-1.139142000000e-06
DMM7510_short_100mV_10NPLC_drfit,1,32,2026-09-03T13:08:55.087628+00:00,2.078900000000e+01,-1.141084000000e-06,-1.141084000000e-06
DMM7510_short_100mV_10NPLC_drfit,1,33,2026-09-03T13:08:55.751628+00:00,2.145300000000e+01,-1.159857000000e-06,-1.159857000000e-06
DMM7510_short_100mV_10NPLC_drfit,1,34,2026-09-03T13:08:56.407628+00:00,2.210900000000e+01,-1.177982000000e-06,-1.177982000000e-06
DMM7510_short_100mV_10NPLC_drfit,1,35,2026-09-03T13:08:57.064128+00:00,2.276550000000e+01,-1.125678000000e-06,-1.125678000000e-06
DMM7510_short_100mV_10NPLC_drfit,1,36,2026-09-03T13:08:57.720628+00:00,2.342200000000e+01,-1.160375000000e-06,-1.160375000000e-06
DMM7510_short_100mV_10NPLC_drfit,1,37,2026-09-03T13:08:58.384628+00:00,2.408600000000e+01,-1.169437000000e-06,-1.169437000000e-06
DMM7510_short_100mV_10NPLC_drfit,1,38,2026-09-03T13:08:59.048628+00:00,2.475000000000e+01,-1.163094000000e-06,-1.163094000000e-06
DMM7510_short_100mV_10NPLC_drfit,1,39,2026-09-03T13:08:59.704628+00:00,2.540600000000e+01,-1.122441000000e-06,-1.122441000000e-06
DMM7510_short_100mV_10NPLC_drfit,1,40,2026-09-03T13:09:00.360628+00:00,2.606200000000e+01,-1.112731000000e-06,-1.112731000000e-06
DMM7510_short_100mV_10NPLC_drfit,1,41,2026-09-03T13:09:01.017128+00:00,2.671850000000e+01,-1.164906000000e-06,-1.164906000000e-06
DMM7510_short_100mV_10NPLC_drfit,1,42,2026-09-03T13:09:01.689128+00:00,2.739050000000e+01,-1.187433000000e-06,-1.187433000000e-06
DMM7510_short_100mV_10NPLC_drfit,1,43,2026-09-03T13:09:02.345628+00:00,2.804700000000e+01,-1.083731000000e-06,-1.083731000000e-06
DMM7510_short_100mV_10NPLC_drfit,1,44,2026-09-03T13:09:03.001628+00:00,2.870300000000e+01,-1.148593000000e-06,-1.148593000000e-06
DMM7510_short_100mV_10NPLC_drfit,1,45,2026-09-03T13:09:03.657628+00:00,2.935900000000e+01,-1.146263000000e-06,-1.146263000000e-06
DMM7510_short_100mV_10NPLC_drfit,1,46,2026-09-03T13:09:04.321628+00:00,3.002300000000e+01,-1.111436000000e-06,-1.111436000000e-06
DMM7510_short_100mV_10NPLC_drfit,1,47,2026-09-03T13:09:04.985628+00:00,3.068700000000e+01,-1.094217000000e-06,-1.094217000000e-06
DMM7510_short_100mV_10NPLC_drfit,1,48,2026-09-03T13:09:05.642128+00:00,3.134350000000e+01,-1.131892000000e-06,-1.131892000000e-06
DMM7510_short_100mV_10NPLC_drfit,1,49,2026-09-03T13:09:06.298628+00:00,3.200000000000e+01,-1.183808000000e-06,-1.183808000000e-06
DMM7510_short_100mV_10NPLC_drfit,1,50,2026-09-03T13:09:06.954628+00:00,3.265600000000e+01,-1.222001000000e-06,-1.222001000000e-06
DMM7510_short_100mV_10NPLC_drfit,1,51,2026-09-03T13:09:07.618628+00:00,3.332000000000e+01,-1.126843000000e-06,-1.126843000000e-06
DMM7510_short_100mV_10NPLC_drfit,1,52,2026-09-03T13:09:08.282628+00:00,3.398400000000e+01,-1.181219000000e-06,-1.181219000000e-06
DMM7510_short_100mV_10NPLC_drfit,1,53,2026-09-03T13:09:08.939128+00:00,3.464050000000e+01,-1.214233000000e-06,-1.214233000000e-06
DMM7510_short_100mV_10NPLC_drfit,1,54,2026-09-03T13:09:09.595628+00:00,3.529700000000e+01,-1.195849000000e-06,-1.195849000000e-06
DMM7510_short_100mV_10NPLC_drfit,1,55,2026-09-03T13:09:10.251628+00:00,3.595300000000e+01,-1.160893000000e-06,-1.160893000000e-06
DMM7510_short_100mV_10NPLC_drfit,1,56,2026-09-03T13:09:10.915628+00:00,3.661700000000e+01,-1.131245000000e-06,-1.131245000000e-06
DMM7510_short_100mV_10NPLC_drfit,1,57,2026-09-03T13:09:11.579628+00:00,3.728100000000e+01,-1.148723000000e-06,-1.148723000000e-06
DMM7510_short_100mV_10NPLC_drfit,1,58,2026-09-03T13:09:12.235628+00:00,3.793700000000e+01,-1.172415000000e-06,-1.172415000000e-06
DMM7510_short_100mV_10NPLC_drfit,1,59,2026-09-03T13:09:12.892128+00:00,3.859350000000e+01,-1.126325000000e-06,-1.126325000000e-06
DMM7510_short_100mV_10NPLC_drfit,1,60,2026-09-03T13:09:13.548628+00:00,3.925000000000e+01,-1.163482000000e-06,-1.163482000000e-06
DMM7510_short_100mV_10NPLC_drfit,1,61,2026-09-03T13:09:14.212628+00:00,3.991400000000e+01,-1.175393000000e-06,-1.175393000000e-06
DMM7510_short_100mV_10NPLC_drfit,1,62,2026-09-03T13:09:14.876628+00:00,4.057800000000e+01,-1.133705000000e-06,-1.133705000000e-06
DMM7510_short_100mV_10NPLC_drfit,1,63,2026-09-03T13:09:15.532628+00:00,4.123400000000e+01,-1.090075000000e-06,-1.090075000000e-06
DMM7510_short_100mV_10NPLC_drfit,1,64,2026-09-03T13:09:16.189128+00:00,4.189050000000e+01,-1.073373000000e-06,-1.073373000000e-06
DMM7510_short_100mV_10NPLC_drfit,1,65,2026-09-03T13:09:16.853128+00:00,4.255450000000e+01,-1.110530000000e-06,-1.110530000000e-06
DMM7510_short_100mV_10NPLC_drfit,1,66,2026-09-03T13:09:17.517128+00:00,4.321850000000e+01,-1.133057000000e-06,-1.133057000000e-06
DMM7510_short_100mV_10NPLC_drfit,1,67,2026-09-03T13:09:18.173628+00:00,4.387500000000e+01,-1.055766000000e-06,-1.055766000000e-06
DMM7510_short_100mV_10NPLC_drfit,1,68,2026-09-03T13:09:18.829628+00:00,4.453100000000e+01,-1.164518000000e-06,-1.164518000000e-06
DMM7510_short_100mV_10NPLC_drfit,1,69,2026-09-03T13:09:19.485628+00:00,4.518700000000e+01,-1.166719000000e-06,-1.166719000000e-06
DMM7510_short_100mV_10NPLC_drfit,1,70,2026-09-03T13:09:20.149628+00:00,4.585100000000e+01,-1.129303000000e-06,-1.129303000000e-06
DMM7510_short_100mV_10NPLC_drfit,1,71,2026-09-03T13:09:20.814128+00:00,4.651550000000e+01,-1.127490000000e-06,-1.127490000000e-06
DMM7510_short_100mV_10NPLC_drfit,1,72,2026-09-03T13:09:21.470628+00:00,4.717200000000e+01,-1.115450000000e-06,-1.115450000000e-06
DMM7510_short_100mV_10NPLC_drfit,1,73,2026-09-03T13:09:22.126628+00:00,4.782800000000e+01,-1.160634000000e-06,-1.160634000000e-06
DMM7510_short_100mV_10NPLC_drfit,1,74,2026-09-03T13:09:22.790628+00:00,4.849200000000e+01,-1.229769000000e-06,-1.229769000000e-06
DMM7510_short_100mV_10NPLC_drfit,1,75,2026-09-03T13:09:23.454628+00:00,4.915600000000e+01,-1.160504000000e-06,-1.160504000000e-06
DMM7510_short_100mV_10NPLC_drfit,1,76,2026-09-03T13:09:24.110628+00:00,4.981200000000e+01,-1.224331000000e-06,-1.224331000000e-06
DMM7510_short_100mV_10NPLC_drfit,1,77,2026-09-03T13:09:24.767128+00:00,5.046850000000e+01,-1.218117000000e-06,-1.218117000000e-06
DMM7510_short_100mV_10NPLC_drfit,1,78,2026-09-03T13:09:25.423628+00:00,5.112500000000e+01,-1.156361000000e-06,-1.156361000000e-06
DMM7510_short_100mV_10NPLC_drfit,1,79,2026-09-03T13:09:26.087628+00:00,5.178900000000e+01,-1.162317000000e-06,-1.162317000000e-06
DMM7510_short_100mV_10NPLC_drfit,1,80,2026-09-03T13:09:26.751628+00:00,5.245300000000e+01,-1.182902000000e-06,-1.182902000000e-06
DMM7510_short_100mV_10NPLC_drfit,1,81,2026-09-03T13:09:27.407628+00:00,5.310900000000e+01,-1.214492000000e-06,-1.214492000000e-06
DMM7510_short_100mV_10NPLC_drfit,1,82,2026-09-03T13:09:28.064128+00:00,5.376550000000e+01,-1.239479000000e-06,-1.239479000000e-06
DMM7510_short_100mV_10NPLC_drfit,1,83,2026-09-03T13:09:28.728128+00:00,5.442950000000e+01,-1.179018000000e-06,-1.179018000000e-06
DMM7510_short_100mV_10NPLC_drfit,1,84,2026-09-03T13:09:29.392128+00:00,5.509350000000e+01,-1.237019000000e-06,-1.237019000000e-06
DMM7510_short_100mV_10NPLC_drfit,1,85,2026-09-03T13:09:30.048628+00:00,5.575000000000e+01,-1.230934000000e-06,-1.230934000000e-06
DMM7510_short_100mV_10NPLC_drfit,1,86,2026-09-03T13:09:30.704628+00:00,5.640600000000e+01,-1.242327000000e-06,-1.242327000000e-06
DMM7510_short_100mV_10NPLC_drfit,1,87,2026-09-03T13:09:31.368628+00:00,5.707000000000e+01,-1.171250000000e-06,-1.171250000000e-06
DMM7510_short_100mV_10NPLC_drfit,1,88,2026-09-03T13:09:32.032628+00:00,5.773400000000e+01,-1.184326000000e-06,-1.184326000000e-06
DMM7510_short_100mV_10NPLC_drfit,1,89,2026-09-03T13:09:32.689128+00:00,5.839050000000e+01,-1.215916000000e-06,-1.215916000000e-06
DMM7510_short_100mV_10NPLC_drfit,1,90,2026-09-03T13:09:33.345628+00:00,5.904700000000e+01,-1.231970000000e-06,-1.231970000000e-06
DMM7510_short_100mV_10NPLC_drfit,1,91,2026-09-03T13:09:34.009628+00:00,5.971100000000e+01,-1.156879000000e-06,-1.156879000000e-06
DMM7510_short_100mV_10NPLC_drfit,1,92,2026-09-03T13:09:34.673628+00:00,6.037500000000e+01,-1.191835000000e-06,-1.191835000000e-06
DMM7510_short_100mV_10NPLC_drfit,1,93,2026-09-03T13:09:35.329628+00:00,6.103100000000e+01,-1.216952000000e-06,-1.216952000000e-06
DMM7510_short_100mV_10NPLC_drfit,1,94,2026-09-03T13:09:35.985628+00:00,6.168700000000e+01,-1.186139000000e-06,-1.186139000000e-06
DMM7510_short_100mV_10NPLC_drfit,1,95,2026-09-03T13:09:36.649628+00:00,6.235100000000e+01,-1.140826000000e-06,-1.140826000000e-06
DMM7510_short_100mV_10NPLC_drfit,1,96,2026-09-03T13:09:37.314128+00:00,6.301550000000e+01,-1.151312000000e-06,-1.151312000000e-06
DMM7510_short_100mV_10NPLC_drfit,1,97,2026-09-03T13:09:37.970628+00:00,6.367200000000e+01,-1.201934000000e-06,-1.201934000000e-06
DMM7510_short_100mV_10NPLC_drfit,1,98,2026-09-03T13:09:38.626628+00:00,6.432800000000e+01,-1.259546000000e-06,-1.259546000000e-06
DMM7510_short_100mV_10NPLC_drfit,1,99,2026-09-03T13:09:39.290628+00:00,6.499200000000e+01,-1.193907000000e-06,-1.193907000000e-06
DMM7510_short_100mV_10NPLC_drfit,1,100,2026-09-03T13:09:39.954628+00:00,6.565600000000e+01,-1.265113000000e-06,-1.265113000000e-06
DMM7510_short_100mV_10NPLC_drfit,1,101,2026-09-03T13:09:40.610628+00:00,6.631200000000e+01,-1.234948000000e-06,-1.234948000000e-06
DMM7510_short_100mV_10NPLC_drfit,1,102,2026-09-03T13:09:41.267128+00:00,6.696850000000e+01,-1.232358000000e-06,-1.232358000000e-06
DMM7510_short_100mV_10NPLC_drfit,1,103,2026-09-03T13:09:41.931628+00:00,6.763300000000e+01,-1.171898000000e-06,-1.171898000000e-06
DMM7510_short_100mV_10NPLC_drfit,1,104,2026-09-03T13:09:42.595628+00:00,6.829700000000e+01,-1.177982000000e-06,-1.177982000000e-06
DMM7510_short_100mV_10NPLC_drfit,1,105,2026-09-03T13:09:43.251628+00:00,6.895300000000e+01,-1.208407000000e-06,-1.208407000000e-06
DMM7510_short_100mV_10NPLC_drfit,1,106,2026-09-03T13:09:43.915628+00:00,6.961700000000e+01,-1.227180000000e-06,-1.227180000000e-06
DMM7510_short_100mV_10NPLC_drfit,1,107,2026-09-03T13:09:44.579628+00:00,7.028100000000e+01,-1.144062000000e-06,-1.144062000000e-06
DMM7510_short_100mV_10NPLC_drfit,1,108,2026-09-03T13:09:45.235628+00:00,7.093700000000e+01,-1.206465000000e-06,-1.206465000000e-06
DMM7510_short_100mV_10NPLC_drfit,1,109,2026-09-03T13:09:45.892128+00:00,7.159350000000e+01,-1.184974000000e-06,-1.184974000000e-06
DMM7510_short_100mV_10NPLC_drfit,1,110,2026-09-03T13:09:46.556628+00:00,7.225800000000e+01,-1.165683000000e-06,-1.165683000000e-06
DMM7510_short_100mV_10NPLC_drfit,1,111,2026-09-03T13:09:47.220628+00:00,7.292200000000e+01,-1.125160000000e-06,-1.125160000000e-06
DMM7510_short_100mV_10NPLC_drfit,1,112,2026-09-03T13:09:47.876628+00:00,7.357800000000e+01,-1.104446000000e-06,-1.104446000000e-06
DMM7510_short_100mV_10NPLC_drfit,1,113,2026-09-03T13:09:48.532628+00:00,7.423400000000e+01,-1.138625000000e-06,-1.138625000000e-06
DMM7510_short_100mV_10NPLC_drfit,1,114,2026-09-03T13:09:49.196628+00:00,7.489800000000e+01,-1.133705000000e-06,-1.133705000000e-06
DMM7510_short_100mV_10NPLC_drfit,1,115,2026-09-03T13:09:49.860628+00:00,7.556200000000e+01,-1.105093000000e-06,-1.105093000000e-06
DMM7510_short_100mV_10NPLC_drfit,1,116,2026-09-03T13:09:50.517128+00:00,7.621850000000e+01,-1.186786000000e-06,-1.186786000000e-06
DMM7510_short_100mV_10NPLC_drfit,1,117,2026-09-03T13:09:51.173628+00:00,7.687500000000e+01,-1.174358000000e-06,-1.174358000000e-06
DMM7510_short_100mV_10NPLC_drfit,1,118,2026-09-03T13:09:51.845628+00:00,7.754700000000e+01,-1.176817000000e-06,-1.176817000000e-06
DMM7510_short_100mV_10NPLC_drfit,1,119,2026-09-03T13:09:52.501628+00:00,7.820300000000e+01,-1.124901000000e-06,-1.124901000000e-06
DMM7510_short_100mV_10NPLC_drfit,1,120,2026-09-03T13:09:53.157628+00:00,7.885900000000e+01,-1.131763000000e-06,-1.131763000000e-06
DMM7510_short_100mV_10NPLC_drfit,1,121,2026-09-03T13:09:53.821628+00:00,7.952300000000e+01,-1.180184000000e-06,-1.180184000000e-06
DMM7510_short_100mV_10NPLC_drfit,1,122,2026-09-03T13:09:54.485628+00:00,8.018700000000e+01,-1.202322000000e-06,-1.202322000000e-06
DMM7510_short_100mV_10NPLC_drfit,1,123,2026-09-03T13:09:55.142128+00:00,8.084350000000e+01,-1.109624000000e-06,-1.109624000000e-06
DMM7510_short_100mV_10NPLC_drfit,1,124,2026-09-03T13:09:55.798628+00:00,8.150000000000e+01,-1.163094000000e-06,-1.163094000000e-06
DMM7510_short_100mV_10NPLC_drfit,1,125,2026-09-03T13:09:56.462628+00:00,8.216400000000e+01,-1.172416000000e-06,-1.172416000000e-06
DMM7510_short_100mV_10NPLC_drfit,1,126,2026-09-03T13:09:57.126628+00:00,8.282800000000e+01,-1.160375000000e-06,-1.160375000000e-06
DMM7510_short_100mV_10NPLC_drfit,1,127,2026-09-03T13:09:57.782628+00:00,8.348400000000e+01,-1.089557000000e-06,-1.089557000000e-06
DMM7510_short_100mV_10NPLC_drfit,1,128,2026-09-03T13:09:58.439128+00:00,8.414050000000e+01,-1.093571000000e-06,-1.093571000000e-06
DMM7510_short_100mV_10NPLC_drfit,1,129,2026-09-03T13:09:59.103128+00:00,8.480450000000e+01,-1.127102000000e-06,-1.127102000000e-06
DMM7510_short_100mV_10NPLC_drfit,1,130,2026-09-03T13:09:59.767128+00:00,8.546850000000e+01,-1.183938000000e-06,-1.183938000000e-06
DMM7510_short_100mV_10NPLC_drfit,1,131,2026-09-03T13:10:00.423628+00:00,8.612500000000e+01,-1.114932000000e-06,-1.114932000000e-06
DMM7510_short_100mV_10NPLC_drfit,1,132,2026-09-03T13:10:01.079628+00:00,8.678100000000e+01,-1.167755000000e-06,-1.167755000000e-06
DMM7510_short_100mV_10NPLC_drfit,1,133,2026-09-03T13:10:01.743628+00:00,8.744500000000e+01,-1.206854000000e-06,-1.206854000000e-06
DMM7510_short_100mV_10NPLC_drfit,1,134,2026-09-03T13:10:02.407628+00:00,8.810900000000e+01,-1.192742000000e-06,-1.192742000000e-06
DMM7510_short_100mV_10NPLC_drfit,1,135,2026-09-03T13:10:03.064128+00:00,8.876550000000e+01,-1.151054000000e-06,-1.151054000000e-06
DMM7510_short_100mV_10NPLC_drfit,1,136,2026-09-03T13:10:03.728128+00:00,8.942950000000e+01,-1.135647000000e-06,-1.135647000000e-06
DMM7510_short_100mV_10NPLC_drfit,1,137,2026-09-03T13:10:04.392128+00:00,9.009350000000e+01,-1.150665000000e-06,-1.150665000000e-06
DMM7510_short_100mV_10NPLC_drfit,1,138,2026-09-03T13:10:05.048628+00:00,9.075000000000e+01,-1.144321000000e-06,-1.144321000000e-06
DMM7510_short_100mV_10NPLC_drfit,1,139,2026-09-03T13:10:05.704628+00:00,9.140600000000e+01,-1.103928000000e-06,-1.103928000000e-06
DMM7510_short_100mV_10NPLC_drfit,1,140,2026-09-03T13:10:06.368628+00:00,9.207000000000e+01,-1.167755000000e-06,-1.167755000000e-06
DMM7510_short_100mV_10NPLC_drfit,1,141,2026-09-03T13:10:07.032628+00:00,9.273400000000e+01,-1.162317000000e-06,-1.162317000000e-06
DMM7510_short_100mV_10NPLC_drfit,1,142,2026-09-03T13:10:07.689128+00:00,9.339050000000e+01,-1.141214000000e-06,-1.141214000000e-06
DMM7510_short_100mV_10NPLC_drfit,1,143,2026-09-03T13:10:08.345628+00:00,9.404700000000e+01,-1.114933000000e-06,-1.114933000000e-06
DMM7510_short_100mV_10NPLC_drfit,1,144,2026-09-03T13:10:09.009628+00:00,9.471100000000e+01,-1.106906000000e-06,-1.106906000000e-06
DMM7510_short_100mV_10NPLC_drfit,1,145,2026-09-03T13:10:09.673628+00:00,9.537500000000e+01,-1.144710000000e-06,-1.144710000000e-06
DMM7510_short_100mV_10NPLC_drfit,1,146,2026-09-03T13:10:10.329628+00:00,9.603100000000e+01,-1.154808000000e-06,-1.154808000000e-06
DMM7510_short_100mV_10NPLC_drfit,1,147,2026-09-03T13:10:10.985628+00:00,9.668700000000e+01,-1.086320000000e-06,-1.086320000000e-06
DMM7510_short_100mV_10NPLC_drfit,1,148,2026-09-03T13:10:11.649628+00:00,9.735100000000e+01,-1.146004000000e-06,-1.146004000000e-06
DMM7510_short_100mV_10NPLC_drfit,1,149,2026-09-03T13:10:12.314128+00:00,9.801550000000e+01,-1.170732000000e-06,-1.170732000000e-06
DMM7510_short_100mV_10NPLC_drfit,1,150,2026-09-03T13:10:12.970628+00:00,9.867200000000e+01,-1.121276000000e-06,-1.121276000000e-06
DMM7510_short_100mV_10NPLC_drfit,1,151,2026-09-03T13:10:13.626628+00:00,9.932800000000e+01,-1.104575000000e-06,-1.104575000000e-06
DMM7510_short_100mV_10NPLC_drfit,1,152,2026-09-03T13:10:14.290628+00:00,9.999200000000e+01,-1.107035000000e-06,-1.107035000000e-06
DMM7510_short_100mV_10NPLC_drfit,1,153,2026-09-03T13:10:14.954628+00:00,1.006560000000e+02,-1.110013000000e-06,-1.110013000000e-06
DMM7510_short_100mV_10NPLC_drfit,1,154,2026-09-03T13:10:15.610628+00:00,1.013120000000e+02,-1.099138000000e-06,-1.099138000000e-06
DMM7510_short_100mV_10NPLC_drfit,1,155,2026-09-03T13:10:16.267128+00:00,1.019685000000e+02,-1.053824000000e-06,-1.053824000000e-06
DMM7510_short_100mV_10NPLC_drfit,1,156,2026-09-03T13:10:16.931628+00:00,1.026330000000e+02,-1.130469000000e-06,-1.130469000000e-06
DMM7510_short_100mV_10NPLC_drfit,1,157,2026-09-03T13:10:17.595628+00:00,1.032970000000e+02,-1.161411000000e-06,-1.161411000000e-06
DMM7510_short_100mV_10NPLC_drfit,1,158,2026-09-03T13:10:18.251628+00:00,1.039530000000e+02,-1.157915000000e-06,-1.157915000000e-06
DMM7510_short_100mV_10NPLC_drfit,1,159,2026-09-03T13:10:18.907628+00:00,1.046090000000e+02,-1.118558000000e-06,-1.118558000000e-06
DMM7510_short_100mV_10NPLC_drfit,1,160,2026-09-03T13:10:19.571628+00:00,1.052730000000e+02,-1.147170000000e-06,-1.147170000000e-06
DMM7510_short_100mV_10NPLC_drfit,1,161,2026-09-03T13:10:20.235628+00:00,1.059370000000e+02,-1.173581000000e-06,-1.173581000000e-06
DMM7510_short_100mV_10NPLC_drfit,1,162,2026-09-03T13:10:20.892128+00:00,1.065935000000e+02,-1.223037000000e-06,-1.223037000000e-06
DMM7510_short_100mV_10NPLC_drfit,1,163,2026-09-03T13:10:21.548628+00:00,1.072500000000e+02,-1.182514000000e-06,-1.182514000000e-06
DMM7510_short_100mV_10NPLC_drfit,1,164,2026-09-03T13:10:22.212628+00:00,1.079140000000e+02,-1.242457000000e-06,-1.242457000000e-06
DMM7510_short_100mV_10NPLC_drfit,1,165,2026-09-03T13:10:22.876628+00:00,1.085780000000e+02,-1.272105000000e-06,-1.272105000000e-06
DMM7510_short_100mV_10NPLC_drfit,1,166,2026-09-03T13:10:23.532628+00:00,1.092340000000e+02,-1.212032000000e-06,-1.212032000000e-06
DMM7510_short_100mV_10NPLC_drfit,1,167,2026-09-03T13:10:24.189128+00:00,1.098905000000e+02,-1.168532000000e-06,-1.168532000000e-06
DMM7510_short_100mV_10NPLC_drfit,1,168,2026-09-03T13:10:24.853128+00:00,1.105545000000e+02,-1.148982000000e-06,-1.148982000000e-06
DMM7510_short_100mV_10NPLC_drfit,1,169,2026-09-03T13:10:25.517128+00:00,1.112185000000e+02,-1.162058000000e-06,-1.162058000000e-06
DMM7510_short_100mV_10NPLC_drfit,1,170,2026-09-03T13:10:26.173628+00:00,1.118750000000e+02,-1.226792000000e-06,-1.226792000000e-06
DMM7510_short_100mV_10NPLC_drfit,1,171,2026-09-03T13:10:26.829628+00:00,1.125310000000e+02,-1.151442000000e-06,-1.151442000000e-06
DMM7510_short_100mV_10NPLC_drfit,1,172,2026-09-03T13:10:27.493628+00:00,1.131950000000e+02,-1.204782000000e-06,-1.204782000000e-06
DMM7510_short_100mV_10NPLC_drfit,1,173,2026-09-03T13:10:28.165628+00:00,1.138670000000e+02,-1.222908000000e-06,-1.222908000000e-06
DMM7510_short_100mV_10NPLC_drfit,1,174,2026-09-03T13:10:28.829628+00:00,1.145310000000e+02,-1.222260000000e-06,-1.222260000000e-06
DMM7510_short_100mV_10NPLC_drfit,1,175,2026-09-03T13:10:29.493628+00:00,1.151950000000e+02,-1.132022000000e-06,-1.132022000000e-06
DMM7510_short_100mV_10NPLC_drfit,1,176,2026-09-03T13:10:30.157628+00:00,1.158590000000e+02,-1.137330000000e-06,-1.137330000000e-06
DMM7510_short_100mV_10NPLC_drfit,1,177,2026-09-03T13:10:30.814128+00:00,1.165155000000e+02,-1.169697000000e-06,-1.169697000000e-06
DMM7510_short_100mV_10NPLC_drfit,1,178,2026-09-03T13:10:31.470628+00:00,1.171720000000e+02,-1.195720000000e-06,-1.195720000000e-06
DMM7510_short_100mV_10NPLC_drfit,1,179,2026-09-03T13:10:32.134628+00:00,1.178360000000e+02,-1.142897000000e-06,-1.142897000000e-06
DMM7510_short_100mV_10NPLC_drfit,1,180,2026-09-03T13:10:32.798628+00:00,1.185000000000e+02,-1.175652000000e-06,-1.175652000000e-06
DMM7510_short_100mV_10NPLC_drfit,1,181,2026-09-03T13:10:33.454628+00:00,1.191560000000e+02,-1.223943000000e-06,-1.223943000000e-06
DMM7510_short_100mV_10NPLC_drfit,1,182,2026-09-03T13:10:34.110628+00:00,1.198120000000e+02,-1.194425000000e-06,-1.194425000000e-06
DMM7510_short_100mV_10NPLC_drfit,1,183,2026-09-03T13:10:34.774628+00:00,1.204760000000e+02,-1.129303000000e-06,-1.129303000000e-06
DMM7510_short_100mV_10NPLC_drfit,1,184,2026-09-03T13:10:35.439128+00:00,1.211405000000e+02,-1.114544000000e-06,-1.114544000000e-06
DMM7510_short_100mV_10NPLC_drfit,1,185,2026-09-03T13:10:36.095628+00:00,1.217970000000e+02,-1.145098000000e-06,-1.145098000000e-06
DMM7510_short_100mV_10NPLC_drfit,1,186,2026-09-03T13:10:36.751628+00:00,1.224530000000e+02,-1.193907000000e-06,-1.193907000000e-06
DMM7510_short_100mV_10NPLC_drfit,1,187,2026-09-03T13:10:37.415628+00:00,1.231170000000e+02,-1.123089000000e-06,-1.123089000000e-06
DMM7510_short_100mV_10NPLC_drfit,1,188,2026-09-03T13:10:38.087628+00:00,1.237890000000e+02,-1.202063000000e-06,-1.202063000000e-06
DMM7510_short_100mV_10NPLC_drfit,1,189,2026-09-03T13:10:38.751628+00:00,1.244530000000e+02,-1.195461000000e-06,-1.195461000000e-06
DMM7510_short_100mV_10NPLC_drfit,1,190,2026-09-03T13:10:39.423628+00:00,1.251250000000e+02,-1.157139000000e-06,-1.157139000000e-06
DMM7510_short_100mV_10NPLC_drfit,1,191,2026-09-03T13:10:40.079628+00:00,1.257810000000e+02,-1.159987000000e-06,-1.159987000000e-06
DMM7510_short_100mV_10NPLC_drfit,1,192,2026-09-03T13:10:40.735628+00:00,1.264370000000e+02,-1.137071000000e-06,-1.137071000000e-06
DMM7510_short_100mV_10NPLC_drfit,1,193,2026-09-03T13:10:41.439128+00:00,1.271405000000e+02,-1.213456000000e-06,-1.213456000000e-06
DMM7510_short_100mV_10NPLC_drfit,1,194,2026-09-03T13:10:42.095628+00:00,1.277970000000e+02,-1.239609000000e-06,-1.239609000000e-06
DMM7510_short_100mV_10NPLC_drfit,1,195,2026-09-03T13:10:42.751628+00:00,1.284530000000e+02,-1.144969000000e-06,-1.144969000000e-06
DMM7510_short_100mV_10NPLC_drfit,1,196,2026-09-03T13:10:43.415628+00:00,1.291170000000e+02,-1.244010000000e-06,-1.244010000000e-06
DMM7510_short_100mV_10NPLC_drfit,1,197,2026-09-03T13:10:44.079628+00:00,1.297810000000e+02,-1.286087000000e-06,-1.286087000000e-06
DMM7510_short_100mV_10NPLC_drfit,1,198,2026-09-03T13:10:44.735628+00:00,1.304370000000e+02,-1.266667000000e-06,-1.266667000000e-06
DMM7510_short_100mV_10NPLC_drfit,1,199,2026-09-03T13:10:45.392128+00:00,1.310935000000e+02,-1.219671000000e-06,-1.219671000000e-06
DMM7510_short_100mV_10NPLC_drfit,1,200,2026-09-03T13:10:46.048628+00:00,1.317500000000e+02,-1.215010000000e-06,-1.215010000000e-06
DMM7510_short_100mV_10NPLC_drfit,1,201,2026-09-03T13:10:46.712628+00:00,1.324140000000e+02,-1.291525000000e-06,-1.291525000000e-06
DMM7510_short_100mV_10NPLC_drfit,1,202,2026-09-03T13:10:47.376628+00:00,1.330780000000e+02,-1.302788000000e-06,-1.302788000000e-06
DMM7510_short_100mV_10NPLC_drfit,1,203,2026-09-03T13:10:48.032628+00:00,1.337340000000e+02,-1.231582000000e-06,-1.231582000000e-06
DMM7510_short_100mV_10NPLC_drfit,1,204,2026-09-03T13:10:48.689128+00:00,1.343905000000e+02,-1.301235000000e-06,-1.301235000000e-06
DMM7510_short_100mV_10NPLC_drfit,1,205,2026-09-03T13:10:49.353128+00:00,1.350545000000e+02,-1.307579000000e-06,-1.307579000000e-06
DMM7510_short_100mV_10NPLC_drfit,1,206,2026-09-03T13:10:50.017128+00:00,1.357185000000e+02,-1.286605000000e-06,-1.286605000000e-06
DMM7510_short_100mV_10NPLC_drfit,1,207,2026-09-03T13:10:50.673628+00:00,1.363750000000e+02,-1.206336000000e-06,-1.206336000000e-06
DMM7510_short_100mV_10NPLC_drfit,1,208,2026-09-03T13:10:51.329628+00:00,1.370310000000e+02,-1.203099000000e-06,-1.203099000000e-06
DMM7510_short_100mV_10NPLC_drfit,1,209,2026-09-03T13:10:51.993628+00:00,1.376950000000e+02,-1.260453000000e-06,-1.260453000000e-06
DMM7510_short_100mV_10NPLC_drfit,1,210,2026-09-03T13:10:52.657628+00:00,1.383590000000e+02,-1.307320000000e-06,-1.307320000000e-06
DMM7510_short_100mV_10NPLC_drfit,1,211,2026-09-03T13:10:53.314128+00:00,1.390155000000e+02,-1.231452000000e-06,-1.231452000000e-06
DMM7510_short_100mV_10NPLC_drfit,1,212,2026-09-03T13:10:53.970628+00:00,1.396720000000e+02,-1.310686000000e-06,-1.310686000000e-06
DMM7510_short_100mV_10NPLC_drfit,1,213,2026-09-03T13:10:54.626628+00:00,1.403280000000e+02,-1.344347000000e-06,-1.344347000000e-06
DMM7510_short_100mV_10NPLC_drfit,1,214,2026-09-03T13:10:55.290628+00:00,1.409920000000e+02,-1.318324000000e-06,-1.318324000000e-06
DMM7510_short_100mV_10NPLC_drfit,1,215,2026-09-03T13:10:55.954628+00:00,1.416560000000e+02,-1.259806000000e-06,-1.259806000000e-06
DMM7510_short_100mV_10NPLC_drfit,1,216,2026-09-03T13:10:56.610628+00:00,1.423120000000e+02,-1.281297000000e-06,-1.281297000000e-06
DMM7510_short_100mV_10NPLC_drfit,1,217,2026-09-03T13:10:57.267128+00:00,1.429685000000e+02,-1.307967000000e-06,-1.307967000000e-06
DMM7510_short_100mV_10NPLC_drfit,1,218,2026-09-03T13:10:57.923628+00:00,1.436250000000e+02,-1.345383000000e-06,-1.345383000000e-06
DMM7510_short_100mV_10NPLC_drfit,1,219,2026-09-03T13:10:58.587628+00:00,1.442890000000e+02,-1.254109000000e-06,-1.254109000000e-06
DMM7510_short_100mV_10NPLC_drfit,1,220,2026-09-03T13:10:59.251628+00:00,1.449530000000e+02,-1.308744000000e-06,-1.308744000000e-06
DMM7510_short_100mV_10NPLC_drfit,1,221,2026-09-03T13:10:59.907628+00:00,1.456090000000e+02,-1.307190000000e-06,-1.307190000000e-06
DMM7510_short_100mV_10NPLC_drfit,1,222,2026-09-03T13:11:00.564128+00:00,1.462655000000e+02,-1.275083000000e-06,-1.275083000000e-06
DMM7510_short_100mV_10NPLC_drfit,1,223,2026-09-03T13:11:01.228128+00:00,1.469295000000e+02,-1.229251000000e-06,-1.229251000000e-06
DMM7510_short_100mV_10NPLC_drfit,1,224,2026-09-03T13:11:01.892128+00:00,1.475935000000e+02,-1.220577000000e-06,-1.220577000000e-06
DMM7510_short_100mV_10NPLC_drfit,1,225,2026-09-03T13:11:02.548628+00:00,1.482500000000e+02,-1.257475000000e-06,-1.257475000000e-06
DMM7510_short_100mV_10NPLC_drfit,1,226,2026-09-03T13:11:03.204628+00:00,1.489060000000e+02,-1.277672000000e-06,-1.277672000000e-06
DMM7510_short_100mV_10NPLC_drfit,1,227,2026-09-03T13:11:03.860628+00:00,1.495620000000e+02,-1.213198000000e-06,-1.213198000000e-06
DMM7510_short_100mV_10NPLC_drfit,1,228,2026-09-03T13:11:04.524628+00:00,1.502260000000e+02,-1.277931000000e-06,-1.277931000000e-06
DMM7510_short_100mV_10NPLC_drfit,1,229,2026-09-03T13:11:05.189128+00:00,1.508905000000e+02,-1.326869000000e-06,-1.326869000000e-06
DMM7510_short_100mV_10NPLC_drfit,1,230,2026-09-03T13:11:05.845628+00:00,1.515470000000e+02,-1.268350000000e-06,-1.268350000000e-06
DMM7510_short_100mV_10NPLC_drfit,1,231,2026-09-03T13:11:06.501628+00:00,1.522030000000e+02,-1.213457000000e-06,-1.213457000000e-06
DMM7510_short_100mV_10NPLC_drfit,1,232,2026-09-03T13:11:07.157628+00:00,1.528590000000e+02,-1.255015000000e-06,-1.255015000000e-06
DMM7510_short_100mV_10NPLC_drfit,1,233,2026-09-03T13:11:07.829628+00:00,1.535310000000e+02,-1.291654000000e-06,-1.291654000000e-06
DMM7510_short_100mV_10NPLC_drfit,1,234,2026-09-03T13:11:08.485628+00:00,1.541870000000e+02,-1.292431000000e-06,-1.292431000000e-06
DMM7510_short_100mV_10NPLC_drfit,1,235,2026-09-03T13:11:09.142128+00:00,1.548435000000e+02,-1.189376000000e-06,-1.189376000000e-06
DMM7510_short_100mV_10NPLC_drfit,1,236,2026-09-03T13:11:09.798628+00:00,1.555000000000e+02,-1.250743000000e-06,-1.250743000000e-06
DMM7510_short_100mV_10NPLC_drfit,1,237,2026-09-03T13:11:10.462628+00:00,1.561640000000e+02,-1.309132000000e-06,-1.309132000000e-06
DMM7510_short_100mV_10NPLC_drfit,1,238,2026-09-03T13:11:11.126628+00:00,1.568280000000e+02,-1.290101000000e-06,-1.290101000000e-06
DMM7510_short_100mV_10NPLC_drfit,1,239,2026-09-03T13:11:11.782628+00:00,1.574840000000e+02,-1.219024000000e-06,-1.219024000000e-06
DMM7510_short_100mV_10NPLC_drfit,1,240,2026-09-03T13:11:12.439128+00:00,1.581405000000e+02,-1.206336000000e-06,-1.206336000000e-06
DMM7510_short_100mV_10NPLC_drfit,1,241,2026-09-03T13:11:13.095628+00:00,1.587970000000e+02,-1.253073000000e-06,-1.253073000000e-06
DMM7510_short_100mV_10NPLC_drfit,1,242,2026-09-03T13:11:13.759628+00:00,1.594610000000e+02,-1.264984000000e-06,-1.264984000000e-06
DMM7510_short_100mV_10NPLC_drfit,1,243,2026-09-03T13:11:14.423628+00:00,1.601250000000e+02,-1.167367000000e-06,-1.167367000000e-06
DMM7510_short_100mV_10NPLC_drfit,1,244,2026-09-03T13:11:15.079628+00:00,1.607810000000e+02,-1.252297000000e-06,-1.252297000000e-06
DMM7510_short_100mV_10NPLC_drfit,1,245,2026-09-03T13:11:15.735628+00:00,1.614370000000e+02,-1.267703000000e-06,-1.267703000000e-06
DMM7510_short_100mV_10NPLC_drfit,1,246,2026-09-03T13:11:16.392128+00:00,1.620935000000e+02,-1.235207000000e-06,-1.235207000000e-06
DMM7510_short_100mV_10NPLC_drfit,1,247,2026-09-03T13:11:17.056628+00:00,1.627580000000e+02,-1.184715000000e-06,-1.184715000000e-06
DMM7510_short_100mV_10NPLC_drfit,1,248,2026-09-03T13:11:17.720628+00:00,1.634220000000e+02,-1.198050000000e-06,-1.198050000000e-06
DMM7510_short_100mV_10NPLC_drfit,1,249,2026-09-03T13:11:18.376628+00:00,1.640780000000e+02,-1.210220000000e-06,-1.210220000000e-06
DMM7510_short_100mV_10NPLC_drfit,1,250,2026-09-03T13:11:19.032628+00:00,1.647340000000e+02,-1.214492000000e-06,-1.214492000000e-06
DMM7510_short_100mV_10NPLC_drfit,1,251,2026-09-03T13:11:19.696628+00:00,1.653980000000e+02,-1.142768000000e-06,-1.142768000000e-06
DMM7510_short_100mV_10NPLC_drfit,1,252,2026-09-03T13:11:20.360628+00:00,1.660620000000e+02,-1.211256000000e-06,-1.211256000000e-06
DMM7510_short_100mV_10NPLC_drfit,1,253,2026-09-03T13:11:21.017128+00:00,1.667185000000e+02,-1.226792000000e-06,-1.226792000000e-06
DMM7510_short_100mV_10NPLC_drfit,1,254,2026-09-03T13:11:21.673628+00:00,1.673750000000e+02,-1.216564000000e-06,-1.216564000000e-06
DMM7510_short_100mV_10NPLC_drfit,1,255,2026-09-03T13:11:22.329628+00:00,1.680310000000e+02,-1.185492000000e-06,-1.185492000000e-06
DMM7510_short_100mV_10NPLC_drfit,1,256,2026-09-03T13:11:22.993628+00:00,1.686950000000e+02,-1.181737000000e-06,-1.181737000000e-06
DMM7510_short_100mV_10NPLC_drfit,1,257,2026-09-03T13:11:23.657628+00:00,1.693590000000e+02,-1.195849000000e-06,-1.195849000000e-06
DMM7510_short_100mV_10NPLC_drfit,1,258,2026-09-03T13:11:24.314128+00:00,1.700155000000e+02,-1.212421000000e-06,-1.212421000000e-06
DMM7510_short_100mV_10NPLC_drfit,1,259,2026-09-03T13:11:24.970628+00:00,1.706720000000e+02,-1.160893000000e-06,-1.160893000000e-06
DMM7510_short_100mV_10NPLC_drfit,1,260,2026-09-03T13:11:25.626628+00:00,1.713280000000e+02,-1.232877000000e-06,-1.232877000000e-06
DMM7510_short_100mV_10NPLC_drfit,1,261,2026-09-03T13:11:26.290628+00:00,1.719920000000e+02,-1.226274000000e-06,-1.226274000000e-06
DMM7510_short_100mV_10NPLC_drfit,1,262,2026-09-03T13:11:26.954628+00:00,1.726560000000e+02,-1.240386000000e-06,-1.240386000000e-06
DMM7510_short_100mV_10NPLC_drfit,1,263,2026-09-03T13:11:27.610628+00:00,1.733120000000e+02,-1.156103000000e-06,-1.156103000000e-06
DMM7510_short_100mV_10NPLC_drfit,1,264,2026-09-03T13:11:28.267128+00:00,1.739685000000e+02,-1.183421000000e-06,-1.183421000000e-06
DMM7510_short_100mV_10NPLC_drfit,1,265,2026-09-03T13:11:28.931628+00:00,1.746330000000e+02,-1.209443000000e-06,-1.209443000000e-06
DMM7510_short_100mV_10NPLC_drfit,1,266,2026-09-03T13:11:29.595628+00:00,1.752970000000e+02,-1.211385000000e-06,-1.211385000000e-06
DMM7510_short_100mV_10NPLC_drfit,1,267,2026-09-03T13:11:30.251628+00:00,1.759530000000e+02,-1.128915000000e-06,-1.128915000000e-06
DMM7510_short_100mV_10NPLC_drfit,1,268,2026-09-03T13:11:30.907628+00:00,1.766090000000e+02,-1.211774000000e-06,-1.211774000000e-06
DMM7510_short_100mV_10NPLC_drfit,1,269,2026-09-03T13:11:31.564128+00:00,1.772655000000e+02,-1.209314000000e-06,-1.209314000000e-06
DMM7510_short_100mV_10NPLC_drfit,1,270,2026-09-03T13:11:32.228128+00:00,1.779295000000e+02,-1.181090000000e-06,-1.181090000000e-06
DMM7510_short_100mV_10NPLC_drfit,1,271,2026-09-03T13:11:32.892128+00:00,1.785935000000e+02,-1.139531000000e-06,-1.139531000000e-06
DMM7510_short_100mV_10NPLC_drfit,1,272,2026-09-03T13:11:33.548628+00:00,1.792500000000e+02,-1.123996000000e-06,-1.123996000000e-06
DMM7510_short_100mV_10NPLC_drfit,1,273,2026-09-03T13:11:34.204628+00:00,1.799060000000e+02,-1.165036000000e-06,-1.165036000000e-06
DMM7510_short_100mV_10NPLC_drfit,1,274,2026-09-03T13:11:34.868628+00:00,1.805700000000e+02,-1.202582000000e-06,-1.202582000000e-06
DMM7510_short_100mV_10NPLC_drfit,1,275,2026-09-03T13:11:35.532628+00:00,1.812340000000e+02,-1.098102000000e-06,-1.098102000000e-06
DMM7510_short_100mV_10NPLC_drfit,1,276,2026-09-03T13:11:36.189128+00:00,1.818905000000e+02,-1.181090000000e-06,-1.181090000000e-06
DMM7510_short_100mV_10NPLC_drfit,1,277,2026-09-03T13:11:36.845628+00:00,1.825470000000e+02,-1.200640000000e-06,-1.200640000000e-06
DMM7510_short_100mV_10NPLC_drfit,1,278,2026-09-03T13:11:37.501628+00:00,1.832030000000e+02,-1.182255000000e-06,-1.182255000000e-06
DMM7510_short_100mV_10NPLC_drfit,1,279,2026-09-03T13:11:38.165628+00:00,1.838670000000e+02,-1.121536000000e-06,-1.121536000000e-06
DMM7510_short_100mV_10NPLC_drfit,1,280,2026-09-03T13:11:38.829628+00:00,1.845310000000e+02,-1.111437000000e-06,-1.111437000000e-06
DMM7510_short_100mV_10NPLC_drfit,1,281,2026-09-03T13:11:39.485628+00:00,1.851870000000e+02,-1.144840000000e-06,-1.144840000000e-06
DMM7510_short_100mV_10NPLC_drfit,1,282,2026-09-03T13:11:40.142128+00:00,1.858435000000e+02,-1.173193000000e-06,-1.173193000000e-06
DMM7510_short_100mV_10NPLC_drfit,1,283,2026-09-03T13:11:40.806628+00:00,1.865080000000e+02,-1.096549000000e-06,-1.096549000000e-06
DMM7510_short_100mV_10NPLC_drfit,1,284,2026-09-03T13:11:41.470628+00:00,1.871720000000e+02,-1.173452000000e-06,-1.173452000000e-06
DMM7510_short_100mV_10NPLC_drfit,1,285,2026-09-03T13:11:42.126628+00:00,1.878280000000e+02,-1.203617000000e-06,-1.203617000000e-06
DMM7510_short_100mV_10NPLC_drfit,1,286,2026-09-03T13:11:42.782628+00:00,1.884840000000e+02,-1.176429000000e-06,-1.176429000000e-06
DMM7510_short_100mV_10NPLC_drfit,1,287,2026-09-03T13:11:43.439128+00:00,1.891405000000e+02,-1.109366000000e-06,-1.109366000000e-06
DMM7510_short_100mV_10NPLC_drfit,1,288,2026-09-03T13:11:44.110628+00:00,1.898120000000e+02,-1.120370000000e-06,-1.120370000000e-06
DMM7510_short_100mV_10NPLC_drfit,1,289,2026-09-03T13:11:44.767128+00:00,1.904685000000e+02,-1.144710000000e-06,-1.144710000000e-06
DMM7510_short_100mV_10NPLC_drfit,1,290,2026-09-03T13:11:45.423628+00:00,1.911250000000e+02,-1.177336000000e-06,-1.177336000000e-06
DMM7510_short_100mV_10NPLC_drfit,1,291,2026-09-03T13:11:46.079628+00:00,1.917810000000e+02,-1.126714000000e-06,-1.126714000000e-06
DMM7510_short_100mV_10NPLC_drfit,1,292,2026-09-03T13:11:46.743628+00:00,1.924450000000e+02,-1.200122000000e-06,-1.200122000000e-06
DMM7510_short_100mV_10NPLC_drfit,1,293,2026-09-03T13:11:47.407628+00:00,1.931090000000e+02,-1.229770000000e-06,-1.229770000000e-06
DMM7510_short_100mV_10NPLC_drfit,1,294,2026-09-03T13:11:48.064128+00:00,1.937655000000e+02,-1.204006000000e-06,-1.204006000000e-06
DMM7510_short_100mV_10NPLC_drfit,1,295,2026-09-03T13:11:48.720628+00:00,1.944220000000e+02,-1.138366000000e-06,-1.138366000000e-06
DMM7510_short_100mV_10NPLC_drfit,1,296,2026-09-03T13:11:49.384628+00:00,1.950860000000e+02,-1.117134000000e-06,-1.117134000000e-06
DMM7510_short_100mV_10NPLC_drfit,1,297,2026-09-03T13:11:50.048628+00:00,1.957500000000e+02,-1.180572000000e-06,-1.180572000000e-06
DMM7510_short_100mV_10NPLC_drfit,1,298,2026-09-03T13:11:50.704628+00:00,1.964060000000e+02,-1.203358000000e-06,-1.203358000000e-06
DMM7510_short_100mV_10NPLC_drfit,1,299,2026-09-03T13:11:51.360628+00:00,1.970620000000e+02,-1.163612000000e-06,-1.163612000000e-06
DMM7510_short_100mV_10NPLC_drfit,1,300,2026-09-03T13:11:52.024628+00:00,1.977260000000e+02,-1.179019000000e-06,-1.179019000000e-06
