Frequency_Hz,Average_PSD_V2_per_Hz,Average_ASD_V_per_rtHz
1,5.36858822766919e-11,7.32706505203086e-06
1.0594630943593,5.21813933244397e-11,7.2236689655908e-06
1.12246204830937,5.03981119426052e-11,7.09916276349579e-06
1.18920711500272,5.28262074288319e-11,7.26816396546142e-06
1.25992104989487,5.49616152323445e-11,7.41361013490354e-06
1.33483985417003,4.9174187529213e-11,7.01243092865898e-06
1.4142135623731,4.72623170365665e-11,6.87475941663172e-06
1.49830707687668,4.57324301475673e-11,6.76257570364778e-06
1.5874010519682,3.77505678582454e-11,6.1441490751971e-06
1.68179283050743,3.76469678203074e-11,6.13571249491918e-06
1.78179743628068,4.00641963232148e-11,6.32962845064501e-06
1.88774862536339,3.91097672897627e-11,6.25378023996388e-06
2,3.85419367692092e-11,6.20821526440645e-06
2.11892618871859,3.60969141990047e-11,6.00807075515966e-06
2.24492409661875,3.28750764426049e-11,5.73367913669791e-06
2.37841423000544,2.98494938712668e-11,5.46346903269953e-06
2.51984209978975,3.18486490820075e-11,5.64346073628651e-06
2.66967970834007,3.25763381199011e-11,5.70756849454311e-06
2.82842712474619,3.1677062843107e-11,5.62823798742618e-06
2.99661415375336,3.16835749650373e-11,5.62881647995716e-06
3.1748021039364,3.49926063232838e-11,5.91545487036152e-06
3.36358566101486,3.15519912277767e-11,5.61711591724585e-06
3.56359487256136,2.70384026173893e-11,5.19984640324975e-06
3.77549725072677,3.10115377511682e-11,5.56880038708232e-06
4,3.082528966972e-11,5.55205274378045e-06
4.23785237743718,2.92102978272209e-11,5.40465519966084e-06
4.48984819323749,3.23037473350897e-11,5.6836385647831e-06
4.75682846001088,3.14589496010481e-11,5.60882782772373e-06
5.03968419957949,2.80624545555429e-11,5.29740073578948e-06
5.33935941668014,2.83006180894733e-11,5.31983252457005e-06
5.65685424949238,2.91347235276413e-11,5.39765907849332e-06
5.99322830750673,2.75643091273091e-11,5.25017229501177e-06
6.3496042078728,3.03546728848989e-11,5.50950749930508e-06
6.72717132202972,2.49373745327991e-11,4.99373352641078e-06
7.12718974512272,2.72861542359978e-11,5.22361505434673e-06
7.55099450145355,2.73580088836488e-11,5.23048839819465e-06
8,2.39785374967529e-11,4.8967884880555e-06
8.47570475487436,2.66175110416171e-11,5.15921612666276e-06
8.97969638647498,2.90591563113863e-11,5.3906545345984e-06
9.51365692002177,3.12442921850292e-11,5.5896593979445e-06
10.079368399159,2.64046409130272e-11,5.13854462985652e-06
10.6787188333603,2.89772701919858e-11,5.38305398375177e-06
11.3137084989848,2.59618477898181e-11,5.09527700815355e-06
11.9864566150135,2.74994532976531e-11,5.24399211456816e-06
12.6992084157456,2.43619941230767e-11,4.93578708242938e-06
13.4543426440594,2.64102978465269e-11,5.13909504159311e-06
14.2543794902454,2.78848469473738e-11,5.28061047108891e-06
15.1019890029071,2.54675110626237e-11,5.04653455973737e-06
16,2.51949003469589e-11,5.01945219590334e-06
16.9514095097487,2.39004011258947e-11,4.88880364975877e-06
17.95939277295,2.67418477732891e-11,5.17125205083731e-06
19.0273138400435,2.56889746779643e-11,5.06842921208971e-06
20.158736798318,2.54067090462375e-11,5.04050682434192e-06
21.3574376667206,2.36010642659083e-11,4.85809265719668e-06
22.6274169979695,2.48141837465563e-11,4.9813837180603e-06
23.9729132300269,2.71189741978046e-11,5.20758813634533e-06
25.3984168314912,2.41131856371391e-11,4.91051785834642e-06
26.9086852881189,2.74415695522302e-11,5.23847015379779e-06
28.5087589804909,2.70043858443329e-11,5.19657443363731e-06
30.2039780058142,2.76601842107954e-11,5.25929502983008e-06
32,2.70201970965792e-11,5.19809552591901e-06
33.9028190194974,2.77130505259197e-11,5.26431861933904e-06
35.9187855458999,2.58589399942788e-11,5.08516862987638e-06
38.0546276800871,2.77929035904642e-11,5.27189753224247e-06
40.3174735966359,2.55011023851008e-11,5.04986162039127e-06
42.7148753334411,2.68200622146271e-11,5.17880895714711e-06
45.254833995939,2.47698077484836e-11,4.97692754101198e-06
47.9458264600538,2.60326555143451e-11,5.10222064539992e-06
50.7968336629824,5.62554973082159e-10,2.37182413572794e-05
53.8173705762377,2.62462571224401e-11,5.12311010251001e-06
57.0175179609817,2.76593346553948e-11,5.25921426216833e-06
60.4079560116284,2.59969206961019e-11,5.09871755406219e-06
64,2.50438902445015e-11,5.0043870997857e-06
67.8056380389949,2.60741750314173e-11,5.10628779363417e-06
71.8375710917999,2.61341313614358e-11,5.11215525599876e-06
76.1092553601741,2.67357164101011e-11,5.17065918525879e-06
80.6349471932719,2.5455808845037e-11,5.0453749954822e-06
85.4297506668822,2.638376193268e-11,5.13651262362704e-06
90.5096679918781,2.66679980852645e-11,5.16410670738556e-06
95.8916529201076,2.68291809158504e-11,5.17968926827184e-06
101.593667325965,3.27292675543336e-11,5.72094988217285e-06
107.634741152475,2.64544080358423e-11,5.14338488116943e-06
114.035035921963,2.58552350260974e-11,5.0848043252516e-06
120.815912023257,2.60515321929159e-11,5.10407015948213e-06
128,2.61422985781965e-11,5.11295399726973e-06
135.61127607799,2.62963921788858e-11,5.1280007974732e-06
143.6751421836,2.56112370039668e-11,5.06075458839556e-06
152.218510720348,3.67264027494576e-11,6.06023124554316e-06
161.269894386544,2.6408128663772e-11,5.13888399010641e-06
170.859501333764,2.66667909783555e-11,5.16398983135671e-06
181.019335983756,2.65384195081417e-11,5.15154535145928e-06
191.783305840215,2.60465142907697e-11,5.10357857691735e-06
203.18733465193,2.71923396834932e-11,5.21462747312723e-06
215.269482304951,2.59881832794373e-11,5.09786065712249e-06
228.070071843927,2.60737902339687e-11,5.1062501147093e-06
241.631824046514,2.68424765692079e-11,5.18097255051673e-06
256,2.76227678225282e-11,5.25573665840747e-06
271.22255215598,2.68008304803357e-11,5.17695185223271e-06
287.350284367199,2.63138615732936e-11,5.12970384849785e-06
304.437021440697,2.64239337007161e-11,5.14042154893118e-06
322.539788773088,2.64050083685736e-11,5.13858038455891e-06
341.719002667529,2.74890847320913e-11,5.24300340759867e-06
362.038671967512,2.60621936302922e-11,5.10511445809907e-06
383.566611680431,2.60358517579979e-11,5.10253385662436e-06
406.374669303859,2.56242238285141e-11,5.06203751749373e-06
430.538964609902,2.61422853701336e-11,5.11295270564217e-06
456.140143687854,2.74403160497907e-11,5.23835050848936e-06
483.263648093027,2.58793406565726e-11,5.08717413271579e-06
512,2.64175808480454e-11,5.13980358068724e-06
542.445104311959,2.61674962259066e-11,5.11541750260002e-06
574.700568734399,2.63859660273705e-11,5.13672717081319e-06
608.874042881393,2.57152791434181e-11,5.07102348085848e-06
645.079577546175,2.6738950874007e-11,5.17097194674338e-06
683.438005335057,2.60375131175439e-11,5.10269665153082e-06
724.077343935025,2.57756058418393e-11,5.07696817419996e-06
767.133223360861,2.66447129279686e-11,5.16185169565812e-06
812.749338607718,2.65036406019376e-11,5.14816866486886e-06
861.077929219804,2.71095683470641e-11,5.20668496714215e-06
912.280287375708,2.61633089470821e-11,5.1150082059643e-06
966.527296186054,2.68304048806597e-11,5.17980741733317e-06
1024,2.64644857315408e-11,5.14436446332692e-06
1084.89020862392,2.58405633177973e-11,5.08336141915931e-06
1149.4011374688,2.78444819101547e-11,5.27678708213196e-06
1217.74808576279,2.65405554388903e-11,5.15175265699842e-06
1290.15915509235,2.61378863407915e-11,5.11252250271737e-06
1366.87601067011,2.63286217107098e-11,5.13114233974364e-06
1448.15468787005,2.65582955513351e-11,5.15347412444606e-06
1534.26644672172,2.62878105323547e-11,5.12716398531924e-06
1625.49867721544,2.61398855646927e-11,5.11271802123809e-06
1722.15585843961,2.61883081225708e-11,5.11745133074764e-06
1824.56057475142,2.60337700156133e-11,5.10232986150575e-06
1933.05459237211,2.56842589823821e-11,5.06796398787344e-06
2048,2.57253502309077e-11,5.07201638708982e-06
2169.78041724784,2.58796809095152e-11,5.08720757484056e-06
2298.8022749376,2.5613374917831e-11,5.06096580879885e-06
2435.49617152557,2.5656160519869e-11,5.06519106449786e-06
2580.3183101847,2.601551092785e-11,5.10054025842851e-06
2733.75202134023,3.40205593621781e-11,5.83271457917993e-06
2896.3093757401,3.19507927568219e-11,5.6525032292624e-06
3068.53289344344,3.30107974944485e-11,5.7455023709375e-06
3250.99735443087,2.54082681571363e-11,5.04066148011709e-06
3444.31171687922,2.52897903218515e-11,5.02889553697942e-06
3649.12114950283,2.51398584898258e-11,5.0139663431086e-06
3866.10918474421,2.51475667969038e-11,5.01473496776289e-06
4096,2.48311674658582e-11,4.98308814550357e-06
4339.56083449568,2.47464628122952e-11,4.97458167209014e-06
4597.60454987519,2.4741140700484e-11,4.97404671273642e-06
4870.99234305115,2.4452654104479e-11,4.94496249778287e-06
5160.6366203694,2.42269570571157e-11,4.92208868846507e-06
5467.50404268046,2.38207764336272e-11,4.8806532793907e-06
5792.6187514802,2.35617889431206e-11,4.85404871659943e-06
6137.06578688689,2.34860206291939e-11,4.84623778091768e-06
6501.99470886174,2.32833572649837e-11,4.82528312796086e-06
6888.62343375843,2.2809915960239e-11,4.77597277632935e-06
7298.24229900566,2.24801039198765e-11,4.74131879542775e-06
7732.21836948843,2.21204579924901e-11,4.70323909582429e-06
8192,2.19075121669513e-11,4.68054613981652e-06
8679.12166899135,2.13863276888664e-11,4.62453540248817e-06
9195.20909975038,2.08470209425815e-11,4.56585380214714e-06
9741.98468610229,2.05518376220129e-11,4.53341346250405e-06
10321.2732407388,1.98739640505288e-11,4.45802243719441e-06
10935.0080853609,1.93665924617251e-11,4.40074907961419e-06
11585.2375029604,1.87773522664937e-11,4.33328423559933e-06
12274.1315737738,1.840636012643e-11,4.29026340991202e-06
13003.9894177235,1.77375399147276e-11,4.21159588692073e-06
13777.2468675169,1.7151375582518e-11,4.14142192761351e-06
14596.4845980113,1.65265142108165e-11,4.06528156599472e-06
15464.4367389769,1.60387205236003e-11,4.00483714070876e-06
16384,1.56730153458927e-11,3.95891593064221e-06
17358.2433379827,1.51710487720537e-11,3.89500305161032e-06
18390.4181995008,1.46896017216246e-11,3.83270162178385e-06
19483.9693722046,1.68273140576962e-11,4.10211092703454e-06
20642.5464814776,1.39059740413646e-11,3.72907147174261e-06
21870.0161707218,1.21460244596761e-11,3.48511469820953e-06
23170.4750059208,7.96716410559717e-12,2.82261653534397e-06
