Frequency_Hz,COB1_1uA_Input_ASD_nV_per_sqrtHz
0.111111111111111,122.929611092464
0.166666666666667,52.7204857272856
0.222222222222222,63.8405212307884
0.277777777777778,56.9471917398813
0.333333333333333,30.9674379147852
0.388888888888889,41.0192981991432
0.444444444444444,38.6510268518978
0.5,42.6738754552954
0.555555555555555,48.5893275758446
0.611111111111111,52.0392095428168
0.666666666666667,53.34919758454
0.722222222222222,38.350055828018
0.777777777777778,30.6862679532453
0.833333333333333,34.978679268672
0.888888888888889,42.041081364947
0.944444444444444,47.9554959022909
1,44.7012534745483
1.05555555555556,29.9185195978691
1.11111111111111,29.7542358637059
1.16666666666667,30.6646122105434
1.22222222222222,27.6445547845658
1.27777777777778,35.8985475969902
1.33333333333333,38.0278976952889
1.38888888888889,29.9043653427946
1.44444444444444,43.6701112900849
1.5,35.9989127144063
1.55555555555556,34.1298099956923
1.61111111111111,31.3035443070925
1.66666666666667,34.9708298449416
1.72222222222222,36.8947035838081
1.77777777777778,40.2538939503893
1.83333333333333,45.1485907625118
1.88888888888889,61.9725984875159
1.94444444444444,67.2880639006358
2,56.1690663335661
2.05555555555556,32.4802593081949
2.11111111111111,27.0699191018046
2.16666666666667,26.876911932798
2.22222222222222,22.8601500894968
2.27777777777778,28.7943511749158
2.33333333333333,28.4885460450463
2.38888888888889,28.4156738823367
2.44444444444444,34.3584898848588
2.5,32.2843703780989
2.55555555555555,33.9233798384536
2.61111111111111,37.39993112273
2.66666666666667,33.8756452539155
2.72222222222222,25.1437820411543
2.77777777777778,25.4651766397686
2.83333333333333,28.0276404101871
2.88888888888889,34.8515793116751
2.94444444444444,27.147089417738
3,32.868204673238
3.05555555555555,26.1807227911525
3.11111111111111,27.2655497868286
3.16666666666667,25.991223341666
3.22222222222222,27.8175832262559
3.27777777777778,30.5496967074468
3.33333333333333,26.8742909539036
3.38888888888889,20.1927479911339
3.44444444444444,18.1535194530499
3.5,23.0810336308191
3.55555555555555,29.8674962314637
3.61111111111111,32.6708403567263
3.66666666666667,28.3553154792316
3.72222222222222,30.3848517349686
3.77777777777778,31.709761795532
3.83333333333333,26.9730805077374
3.88888888888889,31.1272978908209
3.94444444444444,31.839980999072
4,31.6611574173356
4.05555555555555,26.9621538437633
4.11111111111111,25.7625149659956
4.16666666666667,24.557005053643
4.22222222222222,21.2408843008249
4.27777777777778,21.9105725408118
4.33333333333333,25.5542249763662
4.38888888888889,24.6923850155726
4.44444444444444,22.691228155328
4.5,23.7326515983601
4.55555555555555,24.420261667576
4.61111111111111,19.6097960037376
4.66666666666667,22.5383954217584
4.72222222222222,23.789318283889
4.77777777777778,17.5432761523576
4.83333333333333,23.0493799591625
4.88888888888889,29.1032209696106
4.94444444444444,25.6510565067084
5,29.2709984161758
5.05555555555556,21.1694565663991
5.11111111111111,20.3965239826266
5.16666666666667,24.5579024314633
5.22222222222222,22.2955991696199
5.27777777777778,21.7753253364693
5.33333333333333,27.329455932386
5.38888888888889,23.0086876501597
5.44444444444444,19.0282600896512
5.5,18.4669600678096
5.55555555555555,17.7825240613036
5.61111111111111,20.3614786887542
5.66666666666667,20.9705399157415
5.72222222222222,20.4364503760064
5.77777777777778,26.9277435275647
5.83333333333333,25.071292193455
5.88888888888889,18.7993097469407
5.94444444444444,18.1563832467009
6,26.9209049148464
6.05555555555556,21.6975952610329
6.11111111111111,20.5296401630093
6.16666666666667,24.394175717978
6.22222222222222,21.8398026188167
6.27777777777778,23.7083740164124
6.33333333333333,21.7192037755913
6.38888888888889,20.6360950820864
6.44444444444444,16.2913922924597
6.5,11.4239406323311
6.55555555555555,17.0862533301101
6.61111111111111,15.0008892824303
6.66666666666667,18.4479240765539
6.72222222222222,17.4125100109151
6.77777777777778,19.1226580712128
6.83333333333333,21.7179766446399
6.88888888888889,18.2266212750987
6.94444444444444,17.9162647337256
7,19.0374871847225
7.05555555555555,19.2448813723568
7.11111111111111,19.1478125727449
7.16666666666667,22.0145773492875
7.22222222222222,24.0652977489088
7.27777777777778,22.6992939705111
7.33333333333333,20.313493502869
7.38888888888889,23.6488522852944
7.44444444444444,17.1921287885666
7.5,18.9604233045079
7.55555555555555,18.4248585366435
7.61111111111111,19.8330335564055
7.66666666666666,23.5791640445166
7.72222222222222,24.9544125805054
7.77777777777778,18.7734132775613
7.83333333333333,16.0872470955173
7.88888888888889,18.9586365199185
7.94444444444444,18.7179620386328
8,21.5830711227798
8.05555555555556,17.6558465578595
8.11111111111111,17.1679058861218
8.16666666666667,17.8192331697586
8.22222222222222,14.9963403723937
8.27777777777778,17.6255613681064
8.33333333333333,22.6521394183746
8.38888888888889,19.9745153239028
8.44444444444444,22.1222914572362
8.5,17.8798410747416
8.55555555555555,16.1631128725175
8.61111111111111,16.732302510621
8.66666666666666,17.6910975450479
8.72222222222222,13.1960116287473
8.77777777777778,17.4369243291866
8.83333333333333,21.767919395966
8.88888888888889,16.7658702214262
8.94444444444444,17.4548638598534
9,18.5751039296448
9.05555555555555,15.8822892891381
9.11111111111111,13.0743478539028
9.16666666666666,9.53858910547536
9.22222222222222,11.2480226069608
9.27777777777778,12.3097443526837
9.33333333333333,20.1602152300142
9.38888888888889,20.9396086857152
9.44444444444444,19.4498027093283
9.5,23.5681345381701
9.55555555555555,27.7487472411749
9.61111111111111,21.0743168631215
9.66666666666666,17.3291476819751
9.72222222222222,20.5042952651593
9.77777777777778,19.0382254669548
9.83333333333333,19.9264980575387
9.88888888888889,19.7133703499879
9.94444444444444,20.6328560536213
10,23.3007796959852
10.0555555555556,16.574232644822
10.1111111111111,14.7744142475692
10.1666666666667,16.4910668683461
10.2222222222222,15.9657196113165
10.2777777777778,19.1719814613795
10.3333333333333,18.6937634003031
10.3888888888889,13.9324932301456
10.4444444444444,17.0929693577567
10.5,18.9041355534003
10.5555555555556,15.3815977208461
10.6111111111111,14.8402139943048
10.6666666666667,17.7822377496858
10.7222222222222,18.4639535009217
10.7777777777778,14.6688507481669
10.8333333333333,13.8726659646564
10.8888888888889,13.3106724779229
10.9444444444444,14.512724542716
11,18.6379078200368
11.0555555555556,16.19632719435
11.1111111111111,13.1798131475537
11.1666666666667,17.7001650949276
11.2222222222222,19.3413408133056
11.2777777777778,17.4787230868092
11.3333333333333,18.8254924359795
11.3888888888889,18.5261631431444
11.4444444444444,13.7262210379821
11.5,12.8383415512469
11.5555555555556,16.1265515537975
11.6111111111111,17.7408687178003
11.6666666666667,21.7427809578452
11.7222222222222,23.9626619977156
11.7777777777778,21.5103869916509
11.8333333333333,15.4435620585608
11.8888888888889,17.3318868575272
11.9444444444444,15.4396480209362
12,16.5871692132733
12.0555555555556,12.0244380531305
12.1111111111111,14.3836441589341
12.1666666666667,19.1347873184182
12.2222222222222,17.3940381137582
12.2777777777778,17.9662177791541
12.3333333333333,22.6354983167644
12.3888888888889,19.9692346021387
12.4444444444444,16.9033012180668
12.5,17.1889083304787
12.5555555555556,15.8265273628211
12.6111111111111,16.4871614999673
12.6666666666667,13.3009431204417
12.7222222222222,16.6033411079968
12.7777777777778,17.5280632100757
12.8333333333333,15.4570261816986
12.8888888888889,17.697106343533
12.9444444444444,16.1566386989714
13,24.2905730304263
13.0555555555556,23.2021880336949
13.1111111111111,17.6465004667205
13.1666666666667,13.9222388635908
13.2222222222222,15.2933398092417
13.2777777777778,20.5333559540175
13.3333333333333,20.5668106297234
13.3888888888889,17.3303429365795
13.4444444444444,18.9422364225261
13.5,20.60302634978
13.5555555555556,17.7860721812605
13.6111111111111,19.9377990260602
13.6666666666667,18.6640483251774
13.7222222222222,18.182249615351
13.7777777777778,18.4920223756229
13.8333333333333,14.5760370970566
13.8888888888889,19.4115910521868
13.9444444444444,19.2674823764255
14,16.8344092155287
14.0555555555556,21.2869185461104
14.1111111111111,19.3679817213954
14.1666666666667,18.9763632599058
14.2222222222222,18.5714963869129
14.2777777777778,15.0679446206875
14.3333333333333,14.0478529902121
14.3888888888889,13.320321966346
14.4444444444444,16.5193591913911
14.5,15.340152576401
14.5555555555556,18.2252863756083
14.6388625342373,19.3577820030171
14.7222222222222,19.5676118670781
14.7777777777778,13.9425648453726
14.8333333333333,16.2228469117168
14.8888888888889,15.6147217868272
14.9444444444444,15.5520254354767
15,21.1679931171789
15.0555555555556,15.1204537721927
15.1111111111111,15.2850991061299
15.1944190534015,18.3047124846296
15.2777777777778,19.0210921916246
15.3333333333333,16.506903428496
15.3888888888889,16.8768722357334
15.4444444444444,17.3092486607959
15.5,19.0690114786656
15.5555555555556,22.2416349060818
15.6388642194398,21.9547513629856
15.7222222222222,17.7697962329215
15.7777777777778,14.0040654032699
15.8333333333333,13.7464365300872
15.8888888888889,19.4514802585262
15.9721980676146,20.0375579344117
16.0555555555556,17.2049017395215
16.1111111111111,14.2913043883807
16.1666666666667,16.2120404710991
16.2222222222222,15.5518780881999
16.3055318947396,15.9138019214192
16.3888888888889,17.8166378506791
16.4444444444444,13.0269648726415
16.5,14.2319485617771
16.5555555555556,19.5250675725678
16.6388657020799,20.0173247097965
16.7222222222222,19.0695201589512
16.7777777777778,16.3400702710051
16.8333333333333,16.5793845351775
16.916643860594,17.3004486706467
17,18.2011122745546
17.0555555555556,17.4948820211531
17.1388663785193,18.8561906304413
17.2222222222222,18.1196658354846
17.2777777777778,18.6180560123993
17.3333333333333,15.2195500520514
17.4166445153146,17.12194884653
17.5,17.6361296041972
17.5555555555556,13.1627078020096
17.6388670166094,13.9531444389178
17.7222222222222,17.377769807669
17.7777777777778,14.5997455287389
17.8610895109598,14.4992129508692
17.9444444444444,14.8784981062177
18,14.8320758068328
18.083311998622,13.0951510357557
18.1666666666667,16.8796338451081
18.2222222222222,14.7326781132037
18.3055344798395,16.8318715046406
18.3888888888889,15.3481658530577
18.4444444444444,13.0398559346201
18.5277569548442,15.8836776922072
18.6111111111111,19.9425282488425
18.6944238071539,14.4600403109673
18.7777777777778,12.1315934387777
18.8333333333333,15.5850366599325
18.9166462718115,14.9071888106278
19,23.7043287813007
19.0833131165993,18.3425459380153
19.1666666666667,15.4331594877795
19.2499799583029,18.4667828232924
19.3333333333333,17.7034270639152
19.3888888888889,14.8020222837171
19.4722024092465,18.4586420415012
19.5555555555556,14.7407808191688
19.6388692440574,14.8852860333379
19.7222222222222,13.8171350182038
19.8055360760384,16.4412298156973
19.8888888888889,17.0196132071787
19.9722029052603,43.149168203674
20.0555555555556,26.5337233447978
20.1388697317917,16.3565638179606
20.2222222222222,13.0529229953739
20.3055365556987,15.3912875300458
20.3888888888889,14.8590713255265
20.4722033770454,15.1052406373702
20.5555555555556,12.4994417930828
20.638870195894,12.4727696528239
20.7222222222222,11.4543906675562
20.8055370123045,15.999387482549
20.916648221919,19.489510113995
21,22.2626929847546
21.083315034394,16.0244960813156
21.1666666666667,17.8897411080702
21.2499818445819,18.0020646188423
21.3333333333333,21.9998758437238
21.416648652536,20.6261489628326
21.5277598566234,14.883215130532
21.6111111111111,20.9166250133698
21.6944266609687,15.1979929136339
21.7777777777778,14.0245766515651
21.8610934632147,13.5723618147087
21.9722046635693,15.9247410932322
22.0555555555555,15.4321041852611
22.1388714624217,15.052541396459
22.2499826605564,14.2365768255729
22.3333333333333,14.6056688095127
22.416649456141,12.9865287312886
22.5277606521376,13.0836507946296
22.6111111111111,13.9590711364548
22.6944274445741,16.2695131845607
22.8055386385104,15.7793828251545
22.9166498316436,13.735085040121
23,20.6449274889079
23.0833166198629,17.0696251095684
23.1944278110386,14.9028359622382
23.2777777777778,14.2927227008537
23.3610945963741,16.6495956775312
23.4722057856616,13.9342116975308
23.5833169742123,12.775178674212
23.6666666666667,14.5034454988965
23.74998375568,14.0629241935256
23.8610949424341,11.0098096759065
23.9722061284869,23.1383038832824
24.0833173138483,15.5149282940922
24.1666666666667,13.1023584809486
24.2499840906146,12.682987448451
24.3610952742885,16.1153516456974
24.4722064573035,14.0823378984811
24.5833176396686,13.5173459481716
24.6666666666667,14.6362126791128
24.7499844120165,13.6692683345627
24.8610955927947,12.4764545881536
24.9722067729528,17.7016658357658
25.0833179524993,17.8852341256547
25.1944291314421,16.5107417323967
25.3055403097893,19.9977161131454
25.4166514875486,17.1611716845918
25.5,16.9400623645399
25.5833182531021,12.6761022566434
25.694429429425,13.6936957024887
25.8055406051864,12.5776203630184
25.9166517803935,12.4962027605072
26.0277629550533,18.3677042255092
26.1388741291728,17.2078488398855
26.249985302759,15.0005416802952
26.3610964758184,16.9910372554864
26.4722076483579,10.1984063951348
26.5833188203838,11.8145699201338
26.6944299919027,13.9746572344996
26.8055411629207,13.030119168589
26.9166523334442,15.1486708968057
27.0277635034791,16.6822039883068
27.1388746730316,16.2073454238119
27.2499858421075,13.7079513405243
27.3610970107127,14.3223009663537
27.4722081788527,13.1793238032612
27.5833193465333,13.9381512616177
27.69443051376,15.9041856063655
27.8055416805382,12.2024789102511
27.9166528468733,14.7266002701854
28.0277640127705,11.1423218473783
28.1666301409417,12.4663807441648
28.3055419256319,15.3554704435608
28.4166530900369,13.6071679244021
28.5277642540269,16.1689498465929
28.6388754176065,13.2235724425684
28.7499865807805,11.8021919684852
28.8610977435537,13.0493817969132
28.9999645238675,14.9228392633456
29.138875648763,12.6575169535652
29.249986810169,19.8651185189494
29.3610979711944,19.088258786705
29.4722091318433,19.8562483615905
29.5833202921202,14.556034208299
29.7221876081286,22.6453235225547
29.8610981912117,20.9955341409788
29.9722093502186,20.8297358456101
30.0833205088718,17.0772238449667
30.2221881807895,18.0263196828976
30.3610984039823,17.2137994855624
30.4722095614275,13.584702835717
30.5833207185361,13.9756746276253
30.7221887348105,17.7234568810053
30.8610986098584,13.6119539012324
30.9722097658171,17.0538038265484
31.1110780422929,16.0831538508538
31.2499876543186,13.8425073048599
31.3610988091699,13.9843221643709
31.4999673394397,15.6560230874005
31.6388766949542,14.9716456165165
31.7499878487388,15.2057341889998
31.8888566266289,15.903478110951
32.0277657319048,23.3855246568377
32.1666346830105,15.3163346155953
32.3055436132585,18.1774336076608
32.416654765303,14.2822400800826
32.5555239539574,13.6131931292218
32.6944326441969,15.3923128230097
32.8333019990927,13.0482691976477
32.972210521387,12.9548583189665
33.1110800397422,12.8236921527289
33.2499883969162,11.4275389795792
33.3888580760177,15.3752336216035
33.5277662708256,13.7039653262584
33.6666361080275,13.887545127748
33.8055441431552,11.1521683797516
33.9444141358764,14.3008292500576
34.0833220139436,14.3321921178346
34.2221921596657,12.4742092609069
34.3610998832282,13.0797621747545
34.4999701794935,14.9624718999233
34.6666369895283,11.8243981674469
34.8055444710455,12.8627148914418
34.9444150032137,13.0741330907012
35.0833223365866,12.9547691060435
35.2221930131782,11.2092705182314
35.3888598174074,14.4904555648441
35.5277669185979,13.3254988644355
35.6666378215989,13.5151611579772
35.8333046224289,14.0243488718076
35.9722114972099,18.5504756088215
36.1110826210601,14.1027305607355
36.2777494186155,15.0213950952906
36.416656072547,11.383722797863
36.5555274118887,13.3962249415232
36.7221942062878,15.5428078423993
36.8888609995327,13.3862812837653
37.0277673585048,14.0577344105399
37.1666389857514,11.804785013623
37.3333057759938,17.6356459712703
37.4999725651377,15.0576426752966
37.6666393531977,14.4581657927692
37.8055453506395,12.0970628266705
37.944417330928,12.2630965594004
38.111084116167,12.3078687588696
38.2777509003735,16.4146223326872
38.4444176835609,11.5527714276009
38.6110844657423,15.259318711289
38.7777512469308,13.7527049373661
38.9166567531116,14.9711309154642
39.0555292134062,12.9764578390615
39.2221959920085,12.2204523557879
39.3888627696635,14.0648121931624
39.5555295463832,14.3137377432253
39.7221963221794,11.9029635284602
39.8888630970637,17.1275516542904
40.0555298710474,23.1435932607905
40.2221966441417,12.9501130437394
40.3888634163577,11.9141918163421
40.5555301877061,12.7084113948854
40.7221969581976,9.47532714741918
40.8888637278428,12.1623746903403
41.0555304966519,14.6526691115358
41.222197264635,12.32460316279
41.3888640318021,11.9970965722686
41.5832869441999,16.2213136588213
41.7777531520737,12.3942851335115
41.944419916591,12.4298786526636
42.1110866803337,13.8732976200975
42.2777534433111,12.5177421981083
42.444420205532,13.8404993668785
42.6110869670055,27.098389675422
42.805510490969,17.3746357191451
42.9999760742522,12.4385169443341
43.1666428332963,11.9395905136873
43.3333095916299,14.1394549748955
43.4999763492611,12.731351974491
43.6944002966222,14.7543509464277
43.8888654477137,14.4582370029173
44.0555322030608,17.2183876175901
44.2499564064517,13.5474000551618
44.4444212962842,10.5277770249073
44.6110880494323,14.3843582617562
44.805512502536,11.2179826149052
44.9999771376198,13.9903550905566
45.1666438886496,10.7334509334488
45.3610685853801,14.8840664987412
45.5555329719852,11.7551213087272
45.7499578357514,14.315691696976
45.944422052029,14.0494547795403
46.1110887996322,12.810468750137
46.3055138971778,14.3213566053759
46.4999778751167,13.0538958522295
46.694403133014,15.2047516933222
46.8888669475059,14.128196615841
47.083292363119,10.6055209889229
47.2777560168764,12.6854586213417
47.4721815876334,11.6668040888328
47.6666450833019,14.1254190964756
47.8610708066937,12.1273137753757
48.0832932151875,15.9475393523861
48.2777564676205,12.9610510060601
48.4721824259417,15.5310810595016
48.6666455267962,14.3164606496004
48.8610716315725,12.4309115017948
49.0832940325366,13.1568852601941
49.2777569000705,12.4871455592759
49.4721832303599,12.6204015276728
49.6944056269451,13.2887752515004
49.8888682669221,243.314941828873
50.0832948172461,418.445919679944
50.3055172096114,11.0102869547906
50.5277396004802,12.9285672195063
50.7499619898721,13.7465208361525
50.9444242497597,14.5423802348355
51.1388511678118,10.7547165168924
51.3610735532407,10.8885901699901
51.5832959372634,14.6453312348296
51.805518319898,13.0502738497723
52.0277407011622,11.1399822191038
52.2222025216632,12.1068991296465
52.4166298651298,10.4008384981154
52.638852242715,10.6605034854036
52.8610746189939,12.348862892492
53.0832969939829,10.867494514271
53.3055193676982,15.8938476073705
53.5277417401557,14.685636210396
53.7499641113709,11.8909345137318
53.9721864813592,12.1566828060325
54.1944088501356,10.860929978536
54.4166312177151,12.605621016614
54.6388535841123,14.1863590366829
54.8610759493414,13.3782500109425
55.1110551074586,11.3028112631336
55.3610762669093,11.2033561282128
55.5832986284388,14.1122983611866
55.8055209888589,12.7385903193577
56.0277433481828,13.2824552525995
56.2499657064233,13.0490943066579
56.4999453730384,12.0539803711537
56.7499660085698,12.8711124788942
56.972188363377,12.0448880049788
57.1944107171539,12.7659001353262
57.444390715607,13.2686426270489
57.6944110094467,12.7694552436113
57.9166333599568,13.9403538698184
58.1666136049509,14.4906720008054
58.4166336450361,12.6510098099907
58.6388559923996,14.779690915074
58.8888364779315,14.0531679173769
59.1388562705291,13.966981574644
59.3888369191846,16.9436127648031
59.6388565439949,14.8555449430895
59.8610788862911,32.9214903421906
60.1110597658131,50.3592131259769
60.361079153225,16.9593689755864
60.6110601893773,14.749247851646
60.8888381994627,16.9015727823128
61.1388573375553,13.4318379172668
61.3888386123187,12.5823935871142
61.6388575934925,12.376206011204
61.8888390185036,14.5693512090622
62.1666170191164,13.9023886845268
62.4166357612445,17.8990097837122
62.6666174152412,14.0765608784345
62.9443954103689,14.4379577363119
63.1944139193971,12.0648516850101
63.4443957968029,12.576221643952
63.7221737866457,10.8937943182954
63.9721920683005,50.94745397213
64.22217416374,13.8762474697258
64.4999521484884,13.1438361899032
64.7777301314617,11.8656907766659
65.0555081126826,11.7771917689996
65.3332860921738,11.6921725608274
65.6110640699567,11.2214025090985
65.8610818220011,12.0083220716386
66.1110644257307,11.9455388436568
66.3888423988452,13.7564972175842
66.6666203703318,12.2202995914289
66.9443983402108,13.0677763070856
67.2221763085023,12.1896222122929
67.4999542752258,11.093089178601
67.7777322404005,13.8585925121038
68.0555102040454,12.2943550119351
68.3610452690838,10.9826884873105
68.6666217187708,11.469127926514
68.9443996776444,11.9754304993819
69.2221776350645,12.396504336622
69.4999555910486,13.8246567877894
69.7777335456139,10.2716991351049
70.0832691093064,11.0941180539924
70.3888450407459,11.6622874736195
70.666622990883,12.8839294018891
70.9444009396703,12.2820779264009
71.2499368275969,11.2439594981605
71.5555124223291,9.11635653749689
71.8332903669022,11.9193000740824
72.1388264948921,14.1777617459375
72.4444018404608,10.2924582030816
72.7499381301234,11.4846248010512
73.0555133079555,11.7282736338943
73.3610497566227,12.1420607908574
73.6666247695374,11.8633177845986
73.9721613746063,11.5852982318654
74.2777362253523,13.1531795726231
74.5832729842836,13.5264878301708
74.8888476755415,12.8157981942654
75.1943845858571,11.9341547341043
75.4999591202416,10.992415924199
75.8054961795229,12.157785763307
76.1388297728028,12.4531836784737
76.4721633638166,11.2879790691138
76.7777375783635,9.92292254184554
77.0832749415538,11.5283423962179
77.4166085263054,10.8294312824281
77.7499421089012,11.0160511151693
78.0555160142109,11.0413213919646
78.3610536714857,11.5959937194137
78.6943872481218,10.5826362382885
79.0277208227054,10.8207418308495
79.3610543952624,11.2987468934524
79.6943879658182,12.0736834320445
80.0277215343979,14.9621173559566
80.361055101026,10.5360915688065
80.6943886657267,10.8690842149335
81.0277222285238,11.0129739212838
81.3610557894406,12.2682786733274
81.6943893485004,11.0176242341838
82.0277229057254,10.2845053065485
82.3610564611383,10.945342203992
82.6943900147607,10.7671376717805
83.0554812336589,12.2469000293986
83.4166127082363,11.5275423399522
83.74994625633,10.7445073330091
84.0832798027208,11.0678376627286
84.4443713449501,11.010168768318
84.8055024808219,9.07621690883071
85.1388360219521,12.082418730959
85.4999278029704,16.5732163259888
85.8610586888663,9.64037587363751
86.2221506299371,11.8321216726086
86.5832813483616,11.799929771298
86.9443734468568,9.19616364701613
87.3055040006224,8.88993337812658
87.6665962539779,9.93576496091858
88.0277266458267,10.290884241736
88.3888190515408,8.94021785124884
88.7499492841468,11.583160407454
89.1110418397775,10.2878288736002
89.4999310296597,10.1486534289678
89.8610610223481,12.3944004030567
90.2221538039855,13.7070445405328
90.6110429865155,11.3328738945414
90.9999321665356,9.19378024289469
91.3610618447248,9.92808100554914
91.7221549228806,9.85597630228252
92.1110440959047,10.5761138813843
92.4999332665398,8.65804614355196
92.8888224348156,8.99974733757636
93.2777116007618,9.54674360027433
93.6666007644076,11.7300162674819
94.0554899257811,8.65058302417806
94.4443790849108,10.195453986772
94.833268241824,8.35158027947066
95.2221573965479,11.8352122970797
95.6110465491094,11.645014234683
95.9999356995346,13.7036970771564
96.4165826369958,10.2257675483283
96.8332695862292,10.0385818927418
97.2221587301068,9.19183834679577
97.6110478719528,10.8042300333794
98.0276951291585,10.4477747194448
98.4443817406072,10.9064653423512
98.8332708762232,11.5593771984426
99.2499183691662,10.166146210528
99.666604731774,10.3416039623559
100.083252382191,46.4660853255249
100.499938578665,9.15284497677033
100.916586383991,11.6232520332137
101.333272417108,9.32982549235563
101.749920374842,9.55671162787837
102.166606247312,11.1423280998392
102.583254355009,8.52345431459702
103.027699140154,8.52877898310628
103.472143922371,9.62157951007265
103.88882947114,7.97033589433888
104.30547788127,8.70645090792921
104.74992265528,8.67435319162084
105.194367426505,9.73535596053055
105.63881219498,9.26185261039781
106.083256960741,9.70810251388465
106.499942039026,11.730775602684
106.916590889341,9.75304771816952
107.361035647482,9.50142427319756
107.805480403037,11.4658435645883
108.277682762184,9.11410146950771
108.749925500148,10.0096463077166
109.194370247823,9.86795716181498
109.63881499304,9.76516059933724
110.083259735828,9.51820908365919
110.527704476217,8.66694979058448
110.999907314624,9.89302636916888
111.472149541707,10.4278019714358
111.916594274782,9.52588049099167
112.38879734891,9.30467937957751
112.861039325017,9.50522326941941
113.333242556189,10.104710202676
113.805484365198,8.7902046215796
114.27768775086,9.4087084376138
114.749929395572,10.5092257417766
115.222132933231,10.3254024613976
115.69437441638,9.61555991828453
116.166578103604,8.46372696320571
116.66657848316,11.5023821379219
117.166578859478,10.8385049092444
117.638820018315,10.0088552722344
118.111024006051,10.891845252126
118.611024373239,9.03055707248244
119.111024737344,11.6859812899483
119.611025098406,11.2840755485622
120.111025456461,93.4889364808229
120.611025811548,12.6485111934378
121.111026163703,11.2829684862749
121.611026512962,9.73632035636102
122.111026859361,8.85848828671925
122.611027202934,9.88358225894107
123.111027543717,8.97635527478528
123.611027881743,10.1987129916152
124.138786330416,10.1733755719619
124.666584142005,10.123780113967
125.166584471665,10.3077954180443
125.694343155206,9.82899638970948
126.222140714592,9.03947262651687
126.749899554285,8.95228610420545
127.277696946117,8.75128122532762
127.805455939431,14.5859932559468
128.333253166523,10.9519093983368
128.861012310986,9.3353908462618
129.388809376081,8.46524805663026
129.916568669281,9.80935711819641
130.472124642113,9.90487997109977
131.027680611408,10.2092689323492
131.555477352293,12.6009986703201
132.083236943479,11.0101406640968
132.638792902762,10.9806258270905
133.194348858678,26.8960780550792
133.749904811267,12.7691072167626
134.305460760572,11.8589832058999
134.861016706633,10.4916273131289
135.416572649489,9.99944470214628
135.972128589181,9.58673472368408
136.555442545762,8.57875964258287
137.138796052403,9.39461631732447
137.694351982527,9.37261844283087
138.24990790964,9.24297657156899
138.833222177646,8.4579662181392
139.416575346938,8.65516859281254
139.999889770612,10.9950081111359
140.583242771446,7.96058429394761
141.166557348267,7.97555790253058
141.74991018348,7.32677446100922
142.333224910988,9.34715323226755
142.916577583343,9.15194745945879
143.499892459139,8.94656405229181
144.111004026284,9.35512169607209
144.722115589577,9.45410056943943
145.305467936805,8.40699484216303
145.888783108982,8.32514660758072
146.499894661345,9.69024808068813
147.111006210042,7.97662370181228
147.722117755118,8.64528526724068
148.333229296619,9.51850926213637
148.944340834588,8.80070488137214
149.58321039225,125.379693435872
150.222119493664,281.542158055491
150.833231020987,8.19119686045983
151.444342544952,8.65209273302568
152.083212413203,7.69146281984655
152.722121175291,8.61999802258287
153.360991198468,8.98950223340428
153.999899791483,8.77158584630745
154.638769967084,9.00800601731006
155.277678393876,8.959824685221
155.916548719459,8.25486725186803
156.555456982808,8.75123300211857
157.194327455989,8.55934930492888
157.860994616713,7.69256971049707
158.527661773282,7.1480130401635
159.194328925747,8.51906630568382
159.860996074161,8.7636757000385
160.527663218573,7.75954279742554
161.194330359034,8.08431911500461
161.860997495591,7.58378283211053
162.527664628294,7.84661642344559
163.194331757189,9.05480556042367
163.860998882323,9.36305326932164
164.527666003742,9.08409053296768
165.222091459181,10.0993082355326
165.916555828293,8.80430203855392
166.583222938536,9.1765930182709
167.277648621592,8.88949716277949
167.972112740233,8.00827695533836
168.666538574022,8.36878271946167
169.388761342393,8.46408831837749
170.08322521026,9.31470484406068
170.777651268585,8.83704183640323
171.499874023565,8.59511854739064
172.222096774076,7.5037753234351
172.944319520175,7.85228430480383
173.666542261917,9.46933344537302
174.388764999356,8.59673225054184
175.110987732545,8.67404920971342
175.833210461536,9.56719740846376
176.555433186381,8.19237645050289
177.277655907131,9.15777401652367
177.999878623836,8.90015402642952
178.749859708051,8.28336793377839
179.499879638123,9.94390307908803
180.249860875532,17.1905090432108
180.999880635599,8.88259170416743
181.749862023741,8.83913290017655
182.499881616678,8.6368579945119
183.249863153153,8.61610169368878
184.027641509304,8.74431063052327
184.777660853783,7.69652828340363
185.527642611043,7.61897176755685
186.305420953108,8.27394707769404
187.083199290481,8.46924200309449
187.860977623221,8.67083956669047
188.638755951384,8.30044212303483
189.416534275027,7.54278263687791
190.194312594206,7.98368762166594
190.999849180033,7.66086937013783
191.805424812823,9.64865826163162
192.583203118626,9.56100029512938
193.38873993197,7.7033341956439
194.19431531005,7.45680634215708
194.999852273782,7.97532536790899
195.805427483696,7.49574719718752
196.610964595424,8.64657123298405
197.444298547142,8.7706804398634
198.277632493662,8.34498725189345
199.083207370097,9.07639816049573
199.88874477577,21.541959197763
200.722078707415,8.38012939714583
201.555412634113,7.96452985563552
202.388746555925,8.65027013601029
203.249838655628,8.34682449599042
204.110969979108,7.66149807682161
204.944303886305,7.92025563277014
205.777637788854,8.60266033840007
206.638730190579,8.15106272025485
207.499861172968,7.71876236733798
208.360953724535,7.94918262741465
209.249843282,7.94650571838644
210.110974009325,8.75808776674513
210.972066783555,7.86808520560199
211.860956324606,8.36761787963267
212.749845860209,8.02622607161446
213.63873539043,8.06871908648137
214.527624915335,8.56412555961433
215.416514434992,7.98810002306793
216.305403949466,8.83163646417237
217.194293458818,8.47322651128272
218.083182963112,8.31279741521529
218.999830880941,7.48519437679238
219.916517550008,11.3391941035394
220.805407039191,7.28972117714055
221.722055179547,8.53482630590728
222.666500332507,7.56261364002519
223.583186662125,8.8806077022885
224.499835024177,8.13587159534179
225.444280159749,7.15532866032295
226.388725289554,7.92605935551799
227.333170413665,8.17185661938667
228.277615532151,8.52244852787289
229.222060645084,8.20945645745895
230.16650575253,8.12173053054535
231.110950854558,8.38492200157297
232.055395951232,7.65454338397819
233.027599523892,8.50133328663935
233.999841721926,9.04575049228117
234.972045443427,8.10947949741425
235.944287470759,8.61602470949297
236.91649133875,7.86065670079202
237.916492075681,8.48408344496624
238.916492806444,8.57781648946773
239.888734496295,59.5375516373839
240.860938654445,8.50730369322927
241.860939367486,8.23300007925376
242.888698281803,7.7083876434744
243.916496370377,7.17777917780901
244.916497065702,7.88627628143059
245.916497755371,7.6155390194104
246.944256967695,7.57542212740044
247.972054711112,8.10609072325107
248.99981407092,7.92689492437197
250.027611643831,105.069679771693
251.055371148801,7.78342287561156
252.110927476444,7.5604550915764
253.166483797649,8.78549169447123
254.222040112496,7.9268007044854
255.277596421064,7.9964785471663
256.33315272343,7.50826645495521
257.388709019671,7.32138747131688
258.444265309861,7.96165259551455
259.527580065689,8.01253057152788
260.610933465818,7.48640007719893
261.694248369292,7.9169636517058
262.777601597216,7.83843975637008
263.860916646011,8.36995248078867
264.972028572576,9.10781485602613
266.083140492332,10.1637426248255
267.194252405361,11.8065288431715
268.305364311749,7.65707609966082
269.416476211577,9.15664121355532
270.527588104926,8.31476238330656
271.638699991876,8.7939755198092
272.749811872505,8.15922574156802
273.888682292639,8.08329006310405
275.027591208356,7.9022338427564
276.166461774393,7.50737344622371
277.333129302987,7.59511511964798
278.472037960496,8.07101186486778
279.610908742847,7.89561858600429
280.777576250381,7.94758713949474
281.944243750956,7.71360986354111
283.110911244657,8.15826752348328
284.305337078434,7.85020772711838
285.499801805909,7.96584191882034
286.666469279181,7.48844014511947
287.860895332544,7.21995337861453
289.055359799374,8.40102827273202
290.249785997393,7.96722699058098
291.472009116988,7.66728581684258
292.666473325856,7.51768603269913
293.860899738278,7.25494641316496
295.083122835999,8.09096040409289
296.305345926498,7.96740839982673
297.555327358498,8.84717270820192
298.805347680393,8.6519868827817
300.027570749437,16.8423429145236
301.277552400052,8.25557242122862
302.527572460261,9.2086191117683
303.777554254847,9.04608188909234
305.055332968891,8.23958296766393
306.333111675124,7.53760581336346
307.610890373643,8.96385789641502
308.888669064545,7.85496785320823
310.166447747924,8.66724464452532
311.444226423872,8.33533072278371
312.72200509248,8.87429447463635
314.027542303242,8.05396192752243
315.333118001532,8.82569971068513
316.638655356159,8.57892069842908
317.971989668753,9.0514885039784
319.277565106249,8.02886591763455
320.583102673987,7.32618173250278
321.91643696268,7.98602652963605
323.249771243492,7.3332117857511
324.610863901481,8.43856129834843
325.971995376084,7.83287668156887
327.305329633514,7.85970217490347
328.666422507465,7.45863362922909
330.027553719249,7.94800807209151
331.388646735358,7.54697545665363
332.777536634906,7.87776566577153
334.166426526054,7.49766581220659
335.555316408903,7.51807843695986
336.944206283559,7.90859479150218
338.333096150122,7.90285113999062
339.749744501427,7.81173638857252
341.166431453227,7.91208609503395
342.583079947864,7.76103684849198
343.999766723883,7.60062763109086
345.416415359634,7.133112051586
346.860860850606,7.41285200063977
348.305306332899,7.2109333747824
349.749751806618,29.5337648314409
351.194197271871,7.2514102108234
352.638642728761,7.32660466083669
354.110846726609,7.69204759248854
355.583089211563,7.15045146742044
357.055293351294,7.70637921188766
358.555294448215,7.63360820163141
360.055295535996,28.1775321327883
361.555296614752,7.0985709192003
363.055297684593,7.29110679659569
364.555298745631,7.55403832696984
366.055299797973,7.46859025220467
367.555300841725,7.97182618521639
369.083060510012,7.70711705672603
370.638617210597,7.01696050135676
372.166415108723,7.18642755312509
373.694174987566,6.85708418707108
375.249731660126,7.18013532095518
376.805288323464,7.43325803225977
378.388603402713,7.32191705964642
379.97195721723,7.68241209043487
381.52751385326,6.80742417452691
383.11082914384,7.55381220288465
384.721941435755,7.64556151892891
386.305294895228,7.50401273507276
387.888610394725,7.55262239985771
389.499722657789,7.76481181712466
391.138593310371,6.88413101251194
392.777502750025,7.16478732635772
394.388614984649,7.29772525801776
396.027485848128,7.27176695787513
397.666395020094,7.40349970375193
399.305266022271,9.48900101906275
400.971933892404,8.24872904668465
402.638601752574,6.60841329106179
404.305269602903,7.15723311410779
405.999695918941,6.78066295383841
407.694160868728,6.70584622520671
409.388587324993,6.70001291065002
411.083052095362,6.50319039569392
412.777478689714,6.74319888733576
414.499702154632,6.58714870485034
416.221925609265,6.47564737826587
417.944149053742,7.55789803347773
419.666372488186,8.24816562826727
421.416354484498,6.73138665020414
423.166374921333,6.57381020027615
424.91635705592,6.93510573557909
426.694136123661,6.57708301820433
428.471915180698,6.49144200691527
430.249694227162,6.93933990111534
432.027473263187,6.70472579734495
433.805252288897,7.0392597615323
435.610789912167,6.70909138355784
437.444124591649,6.66245633423607
439.249700492297,6.6437331926254
441.055238321538,6.79609891399739
442.88857296806,6.4910831321269
444.721907603754,6.68831419022522
446.583000732263,6.32068917033108
448.444132437408,6.53001459609731
450.30522570377,10.8586272407374
452.166357228067,6.52433304890451
454.027450630196,7.06150856407761
455.916340874478,6.4296149043428
457.83298952359,6.62230745103305
459.749676924228,6.80990494714556
461.638567135049,6.36570019409236
463.555215989877,6.54484246612952
465.471903118148,6.69551254787161
467.388552108194,7.09424578107935
469.332997947921,6.41527812674079
471.305202200443,6.62023579433651
473.277445187577,6.82434914401032
475.221890992868,6.46479235125967
477.194095449971,6.87079068102887
479.194096906562,18.6393778289137
481.166339529403,7.27827566685615
483.138544188382,6.71183332264614
485.166304057055,6.70973550909726
487.194102613334,6.901893927812
489.194104010864,7.22073686875688
491.2218640827,6.91588685127917
493.277421130673,6.4246903735508
495.332978166261,6.1144888405922
497.388535189615,6.48762879293081
499.444092200889,7.77424832545699
501.527407766038,6.72485426838134
503.610761781876,6.87873089194766
505.69407748142,6.42757706298837
507.805190118118,6.87467472286664
509.916302742181,6.81080573246035
512.027415353772,6.87775441545952
514.138527953039,6.82716447300445
516.277399157109,6.59837942518486
518.416308709128,7.16637030997134
520.55518004629,7.12889707996295
522.721848269433,6.95744630581789
524.888516479727,6.95541925959329
527.082943199742,6.39454543632886
529.277408456722,6.342808701909
531.471835310354,7.01034242203666
533.694059143621,7.75246765062365
535.916282963527,6.90824024491854
538.138506770239,6.66057494255892
540.360730563918,7.80140608247821
542.582954344724,6.61987928560072
544.832936790808,6.58440315888953
547.110716219506,6.65897010043148
549.388495634515,6.95610876636903
551.666275036004,6.26954235251595
553.944054424141,6.82126354467175
556.249592407252,6.68253258449105
558.55516875504,6.21603833557354
560.860706869385,6.69206576310532
563.194041877509,6.76191798733476
565.527376871812,7.06351690725024
567.888470401131,7.0526934851693
570.24960241393,7.02039918432521
572.610696074552,6.98589970413209
574.999586687752,6.43362034143541
577.388477286683,6.54951660829373
579.77736787152,6.68360192098834
582.194017022245,6.81381733798539
584.610704593802,6.65623677923288
587.027353874795,6.55511152564937
589.471800077098,6.68144696128206
591.916246264884,6.57860918505343
594.360692438328,6.47527670756237
596.832897217757,6.91003648916163
599.33289903693,19.800578659686
601.805142061841,7.08458915242763
604.305105467017,6.6881659735938
606.832904404514,6.87011705852079
609.332906164346,6.55354081671893
611.860666580494,6.72246519731527
614.416223984998,6.11448007201621
616.971781374185,6.5722345471776
619.527338748245,6.55854486896509
622.082896107363,6.43140693092439
624.666212102815,7.03872116839824
627.277325106101,6.77851314885435
629.888438093699,7.1111612424062
632.499551065804,6.7761093509023
635.110664022606,6.38218212112815
637.749535604899,6.56713112773479
640.38844548508,6.54162223268043
643.027317194299,6.66545803834335
645.721744242277,6.28874665203084
648.416209911032,7.06919860668813
651.11063708715,8.07245714884275
653.805102564663,6.69381436330098
656.499529867079,6.66913872272571
659.221754030694,6.44139570399041
661.971736742995,6.50238320633015
664.721757904579,6.47411409534655
667.471740743373,6.58776517146496
670.24952051659,6.32009213029839
673.027300273336,5.85349453136242
675.832838592335,6.19603704322253
678.638415332549,6.12704909974425
681.443953777222,6.30340839661745
684.277289142225,6.07918605513847
687.110624490474,6.24568849037303
689.971718421716,6.90748284826315
692.860609411209,5.93621339149956
695.721741624609,6.29008473147824
698.610594212005,6.50046451148296
701.527282275883,6.90058755486012
704.416173196882,6.41887962256942
707.332822808192,6.84885550131339
710.277269369014,6.6738405395926
713.221715912361,6.43877026094967
716.193921022687,6.17463632679122
719.166164541838,14.9542882553183
722.1383697758,6.41331150933153
725.138371923447,6.37315193947267
728.166132600392,6.1788728657287
731.193931760378,6.13908867603499
734.22169256071,6.43569273372455
737.277250311385,6.35945896783017
740.33280804394,6.59030997245991
743.388365758599,6.14450031521729
746.471682129842,5.94214638712156
749.582795482587,8.23829943516536
752.693908816799,6.48779090582879
755.832780703737,5.9363599974226
758.971691024986,5.82518604062441
762.110563033729,6.26998912624999
765.277231968306,5.9772436764575
768.44390088419,6.03751814968402
771.638328413021,6.25593745491564
774.860552965958,6.12668512603813
778.082777499593,6.18826424016871
781.305002014162,6.13851733922647
784.5272265099,6.24647333291894
787.77720968447,6.16955662920816
791.054989816175,6.1686983735162
794.332769928453,6.31255364349321
797.638308632828,6.53313265600248
800.971644380966,6.65706971503226
804.304980109086,6.2469366279523
807.638315817439,6.60151891601273
810.971651506269,6.35815343458699
814.33274586443,6.12530588942481
817.721637187973,6.26931503168767
821.110528491419,6.31517167360499
824.527178388111,6.58340952943211
827.97162532608,6.0942636788864
831.416072243387,6.13595197973107
834.860519140289,6.20055487868484
838.304966017038,12.1873594640078
841.777171574387,6.91617626230041
845.277174084468,6.34050326494326
848.777176573848,6.76481213997774
852.304937677538,6.58556145547623
855.860495799987,6.55031635246397
859.416053901195,6.56126296183803
862.971611981429,6.26764140680416
866.554928693973,6.28070229080499
870.166042406506,6.79983225275947
873.777156097538,6.40400250221104
877.388269767332,6.70001968264407
881.027142091681,6.55402394861399
884.693811392989,6.71865804845051
888.360480672549,6.70544294449724
892.054908554329,6.7878709672602
895.777133465039,6.34107274799332
899.499358353498,7.12469652981267
903.221583219982,6.49197273577625
906.971566720158,6.51791640503414
910.749347216954,6.47248660941357
914.527127691287,6.44976362757287
918.304908143431,6.53692386818728
922.110447264333,6.82352761361472
925.943783345942,6.8378718234
929.777119404889,6.61101659996592
933.638214092636,6.87567071683944
937.527105780602,6.70257304241646
941.415997445442,7.52772086607472
945.332647703477,7.44753890409531
949.249336301286,7.84150129090752
953.1937451761,7.64650362494437
957.165989513181,6.99343222895428
961.138195400468,11.0338790034324
965.138198274623,6.32529738121582
969.138201125051,6.54352186060268
973.138203952048,5.99435908412021
977.165965470191,6.17659641888644
981.249282455872,6.16808671738056
985.332637948543,6.30631707266625
989.415955045174,6.40765780141998
993.527069100904,6.26738037906452
997.638183132365,6.28659677939577
1001.77705580957,6.63052097852736
1005.94372546667,6.25566938512659
1010.11039509909,6.21146942416475
1014.30482335958,5.56847808632675
1018.52704861706,6.24072960702833
1022.74927384949,6.19800228778067
1026.99925769582,6.19911668742629
1031.27703855271,5.81759734838834
1035.55481938415,5.82426497946487
1039.83260019048,6.32142023050454
1044.13813967866,6.05611899181228
1048.4992346496,6.04179029390051
1052.86036810758,6.15891960569945
1057.22146318607,6.03121489110393
1061.61035521296,6.04194619149248
1066.02700583031,5.98224747742463
1070.44369478399,6.15802268118206
1074.88810404293,5.9664960512199
1079.36034869952,9.27900327898064
1083.83255496441,5.99691297366121
1088.33255818279,5.97252991129175
1092.86031999123,6.19466134688942
1097.38812013483,5.92299298242271
1101.94364058966,5.73727291867605
1106.526996429,6.00041719440355
1111.11031388815,5.97279106440023
1115.72142829406,6.04383976247512
1120.36030130109,6.1047313391079
1125.02697132689,5.85852605907789
1129.69364132494,5.70945374781017
1134.36031129558,5.88042533844383
1139.05473995599,6.00987638918981
1143.80472411705,5.76169302775752
1148.55474670204,5.76260911788291
1153.30473096578,6.16583482074426
1158.11027073238,6.0615898822723
1162.91584889186,5.80265487010539
1167.72138876037,6.01094146232677
1172.58248413389,5.92569332661808
1177.47137654868,6.11084424182566
1182.36026893431,5.7656412467354
1187.24916129115,5.93039982377571
1192.16581232348,5.81128455367078
1197.13801886532,6.0912376029588
1202.11026383548,7.58629984692827
1207.08247047739,6.11339892106047
1212.11023263074,5.77436177054926
1217.13803316155,5.69426103305002
1222.19355395619,5.88420780685035
1227.27691015366,6.14820218122397
1232.36022796917,5.72649278866361
1237.47134272792,6.02800445925609
1242.61021610788,6.11633743907224
1247.77688648049,5.87648961958286
1252.94355682253,5.84864825769745
1258.13798581742,5.77125111127993
1263.38797033172,5.93588163896266
1268.63799329179,5.71194015356325
1273.88797790292,5.69092035486778
1279.19351803509,5.95436358779044
1284.4990965396,5.8444241924735
1289.83239532246,5.6438723146368
1295.19352947938,5.77624251318063
1300.55462527798,5.7982338000959
1305.9435180056,5.78179922349431
1311.36016937596,5.96654083351684
1316.80461771409,5.65515810078408
1322.27682465789,7.03598189710302
1327.77682860597,5.86370670422184
1333.30459112483,6.11363882833192
1338.83239199942,5.88126979523106
1344.3879131819,5.667598021163
1349.97126969832,5.8085419340242
1355.55458788617,5.79116956230424
1361.19346160498,5.94477146954721
1366.86013234626,5.76446227961276
1372.5268030539,5.7675004330797
1378.22123239723,6.10578081323872
1383.9434587121,5.69486321158203
1389.69344363509,5.65634114496599
1395.4712255566,5.83450694680423
1401.24900744394,5.56317936408198
1407.05454799278,5.69915638068355
1412.91564407868,5.79193736222868
1418.80453721193,5.41685820351687
1424.69343031009,5.77564931624929
1430.58232337359,5.9813011716574
1436.52673368184,5.59355713746241
1442.4989793944,6.48711575057022
1448.47118673616,5.82728710816831
1454.49894961897,5.74326506497552
1460.55450952948,5.94250848447915
1466.61006940402,5.66839708812175
1472.69338791652,5.81432260788255
1478.8045033937,6.06338296473398
1484.943377493,6.02326469861607
1491.11004857218,6.06136922327922
1497.30447825932,6.13965139597989
1503.52670493985,5.66151782458909
1509.74893158364,6.02955837414385
1515.99891690182,5.73869334317537
1522.30445776723,5.8735781044409
1528.63779564884,5.82590712049098
1534.97113349292,5.71412382703556
1541.33222999064,5.89789043041455
1547.74888203799,5.79355796317373
1554.19333111806,5.75983588211818
1560.63778015984,6.4528565732087
1567.10998784059,5.7843661163833
1573.60999248042,5.86978981235518
1580.13775575373,5.85952977755134
1586.69331599093,5.91728181892228
1593.27663485758,5.88842959325365
1599.91550927827,5.75536084284424
1606.55442208132,5.75938619757785
1613.22105516799,6.08508595056307
1619.9432822331,5.61005227044878
1626.66550925819,5.78378072065306
1633.41549490941,5.83025943327105
1640.19327752925,5.64341788102831
1646.99881877652,5.97361126135352
1653.83215699046,5.44217527358786
1660.69325383439,5.71955319405615
1667.58214764178,5.59149847083316
1674.49880008293,5.7524722157487
1681.47100808383,6.30880812528217
1688.47101311736,5.79714428889991
1695.47101810934,5.96054077430028
1702.49878174684,5.68870579551189
1709.55434233029,5.85615735771549
1716.63766156656,5.6908709770463
1723.77653636504,5.84494182705001
1730.94320817156,5.81501705593821
1738.13763857031,5.65086026388557
1745.3598659663,5.88605306569317
1752.60985196573,5.64822448547717
1759.88763495054,5.67409912359785
1767.19317655101,5.94602539923391
1774.52651512399,5.85999618181378
1781.88761232586,5.87717434703717
1789.27650648637,5.73183816471284
1796.69315928996,6.30575070301427
1804.16536766052,5.6218883686753
1811.6653730382,5.82515199224445
1819.19313701167,5.64485334810538
1826.74869797486,5.76439182175711
1834.33201755148,5.77418458802673
1841.94313409956,5.81099213791436
1849.58200927958,5.94079923339136
1857.24868141191,5.89928003317492
1864.94311219553,5.93967497311913
1872.69309854955,5.68219445397559
1880.47088189406,5.92032128863244
1888.27642385264,5.9135184599369
1896.13752138314,6.25176061294973
1904.02641593798,6.02107943840795
1911.91531044605,6.04475923503458
1919.8319636144,5.79331492198137
1927.8041723556,5.66427275932841
1935.80417807189,5.73631314583749
1943.83194241871,5.641192607072
1951.91526233975,5.77198658699136
1960.02637926235,5.73927195504342
1968.1652547897,5.86686776626979
1976.33192729058,5.86705285733705
1984.52635842428,5.60857697880274
1992.77634513387,5.79517100929917
2001.05412883809,5.61201794381101
2009.3596711546,5.72852021109262
2017.69301043515,5.8287202709397
2026.08186692395,5.71925883151441
2034.4985588098,5.78743543969481
2042.94297093845,5.83056091066135
2051.44297704382,5.61996198947447
2059.9429830988,5.7982112077231
2068.47074781453,5.71865027925949
2077.05406810904,5.66467664648035
2085.69294398307,5.65634407661427
2094.3596168588,5.8043959544684
2103.05404834095,5.55577946219577
2111.7762767884,5.60883576720566
2120.55402245171,5.55033739297567
2129.3596034921,5.64642888890973
2138.1929048017,5.78956172046086
2147.0818000647,5.97294801060283
2155.99845392558,5.6490727284433
2164.94290475763,5.65843935836222
2173.91511422697,5.6000467235945
2182.94287927871,5.74122877033438
2192.02619991348,5.57600372571461
2201.13731755581,5.80836177475843
2210.27619379947,5.68520602814484
2219.44286700823,5.61347201123862
2228.63729886056,5.71923671917037
2237.88728629677,5.50453933977937
2247.19282931744,5.55148709295211
2256.52616933119,5.56558364394548
2265.88726796081,5.63333337740663
2275.30392217553,6.01101025727939
2284.74837337187,5.82036486575542
2294.22058319549,5.52555107389983
2303.7483486048,5.7270754494921
2313.30391098177,5.436296084028
2322.91499058692,5.52424634518942
2332.58166419959,5.77598938615317
2342.24833775493,5.60240786664606
2351.97052857372,5.78936427984114
2361.74831336332,5.56924766004606
2371.5538567506,5.53780181273856
2381.38719709872,5.61196910799815
2391.27605469305,5.63833115236858
2401.2205062735,5.78560511850344
2411.1927164453,5.54127194210115
2421.19272358228,5.57788119048913
2431.22048936258,5.62561210970417
2441.30381073135,5.42732758840432
2451.442687689,5.82703389576268
2461.63712023592,5.55373026608
2471.8593497723,5.84342401257588
2482.10933792754,5.57225437617857
2492.41488167234,5.61113650764587
2502.77598100708,5.70722278711603
2513.16487732344,5.65545895466827
2523.58153226616,5.71407780618951
2534.05374279906,5.66234574742119
2544.58150892248,5.58200326992743
2555.16483063677,5.67564157013954
2565.77594934103,5.56217456389571
2576.41482666283,5.66146274421448
2587.10925957567,5.74978166873252
2597.85924807984,5.65958494137688
2608.63703355488,5.618997823496
2619.47033626779,5.63364194503307
2630.35923296397,5.47798915863511
2641.27588825846,5.67085919744702
2652.24809914496,5.62613812982619
2663.24810699607,5.56552122288986
2674.30363209953,5.54437103934062
2685.4147511691,5.75281247037134
2696.55362884647,5.58315715992361
2707.74806211642,5.52622263504476
2718.99805097916,6.28168622119597
2730.27583680764,6.06240495568011
2741.60913988842,7.00873333185979
2752.99803693208,7.15419943385207
2764.41469258619,6.8541877078642
2775.88690383351,5.84723558969367
2787.41467067423,5.58560173865937
2798.99799310854,5.71703053738357
2810.63687113662,5.64378697785843
2822.30354614416,5.6352193189127
2833.99797977631,5.69433025628469
2845.77572759394,5.7107290767666
2857.60906941708,5.81772192126136
2869.4701698308,5.81300772802732
2881.38682583867,5.77705974500472
2893.33127879995,5.50697252245137
2905.33124904196,5.65675201520269
2917.41457183301,5.55873647134187
2929.5256916045,5.56774721461203
2941.66456999771,5.69169023117357
2953.88676258342,5.98262843035767
2966.16454916258,6.22706752965927
2978.47009433928,6.51305459985327
2990.83119511065,6.43390104923775
3003.2478514768,6.20381306795381
3015.72006343782,5.61493326589665
3028.24783099376,5.51983683382443
3040.83115414472,5.55068399038936
3053.44227425617,5.689749433273
3066.10891163652,5.52111384257599
3078.8589015729,5.55516413744031
3091.63668848274,5.47995493927
3104.46999263598,5.66203500348929
3117.35889074323,5.62916465397689
3130.30330608038,5.5463434716577
3143.30331538371,5.58701724028529
3156.33108329898,5.61324297692946
3169.44216541482,5.58775229095829
3182.60884150999,5.4819227657086
3195.80327621063,5.47505018336927
3209.08102510853,5.58024797239919
3222.41436799259,5.58841179859843
3235.77546947874,5.5909676942315
3249.21988516184,5.46274596327642
3262.7198948318,5.61727358804149
3276.24766310352,5.69653319263504
3289.85874557475,5.65820149591434
3303.52542202765,5.52770889353707
3317.21985708484,5.51917546885547
3330.9976063469,5.69625748269451
3344.83094957976,5.6665760659046
3358.71981003721,5.67687937072862
3372.66426445496,5.41727261086333
3386.66423610884,5.44245321212868
3400.71980171018,5.54462887224782
3414.83088456149,5.40270608941552
3429.02531997827,5.50713048954481
3443.27531099014,5.50626994437535
3457.55309895439,5.50345149724294
3471.8864042036,5.48973176591821
3486.30306200043,5.46868288682301
3500.77527539209,5.57278220533247
3515.33080297015,5.48558820599575
3529.94192455493,5.47446985416252
3544.58080473072,5.54322418666326
3559.30299911313,5.62815976826787
3574.08078746106,5.61859197810947
3588.91409304728,5.61201653565363
3603.80299256893,5.54243026956365
3618.74740935955,5.54664632809805
3633.77517870491,5.64333529041309
3648.8585036445,5.53776309081957
3664.02514277706,5.47777230384792
3679.24737590114,5.56058697161206
3694.52512624084,5.48077019151067
3709.85847053335,5.55598055060779
3725.24733208063,5.64103663733387
3740.7195461889,5.49742457701514
3756.24731589077,5.59373376302352
3771.83064118617,5.51934100111081
3787.4972806885,5.7693440829344
3803.24727277747,5.73029239732121
3819.02506182241,5.63687539997219
3834.85836813977,5.5941328183533
3850.77502700818,5.65209893713914
3866.77500007722,5.56382513699791
3882.83056711862,5.46719158268499
3898.9416513993,5.52978783056171
3915.13608824695,5.40313864360439
3931.38608068699,5.55499264404832
3947.71938732963,5.41435743220277
3964.10828793888,5.43857975847941
3980.55270579457,5.52683596533908
3997.08047621264,5.6308430240009
4013.69156082775,5.6618173900003
4030.35823941901,5.54660118862461
4047.08043524826,5.50436168766143
4063.88598364329,5.52920877004227
4080.74708762945,5.45059838065632
4097.69150582873,5.47010216798605
4114.71927660863,5.5448990556697
4131.80260297924,5.45350526723257
4148.94148494038,5.42292507460292
4166.16368112044,5.46705711189645
4183.46922987499,5.47582377930575
4200.83033421956,5.50223996387807
4218.27475277549,5.57181413046291
4235.80252391329,5.42823783003872
4253.3858506406,5.59248471833506
4271.05249157482,5.46488229434508
4288.77472645814,5.52870752405023
4306.58023720572,5.42079537032235
4324.46913890227,5.5619205304557
4342.41355782544,5.39234763454054
4360.44132931568,5.45906500190946
4378.55241501264,5.5593634006458
4396.71909465562,5.45424336602498
4414.96905017189,5.53992814329786
4433.30239662284,5.54621857007379
4451.69126031267,5.56753254147952
4470.19123517058,5.35892179190302
4488.74680399263,5.41692578660055
4507.38564866438,5.44482971761074
4526.1078842898,5.4453447028761
4544.88563714376,5.47852322745439
4563.74674256031,5.39897097432073
4582.69116219372,5.34200710532753
4601.71893440019,5.39902171260641
4620.83002081425,5.42959989741176
4640.02445981018,5.59568187510007
4659.27445439098,5.43964635101177
4678.60776319559,5.42009068249508
4698.05218317394,5.50117926902843
4717.55219711369,5.54498808233277
4737.13548691407,5.50101127100115
4756.80216764598,5.56174935221744
4776.55212422668,5.44199943011654
4796.38547174878,5.39748688110009
4816.30209511197,5.48531677475358
4836.30210942228,5.37272683138667
4856.35764097104,5.30663269472716
4876.52428369702,5.3207052307417
4896.77427900108,5.46142706450582
4917.10758851352,5.35460768746975
4937.5242506026,5.41225014006702
4958.02422690205,5.4236752203062
4978.60755577544,5.45245168901604
4999.27419886244,5.30248226492519
5020.02419451936,5.30060060153914
5040.85750439434,5.34434953530822
5061.80192544998,5.41910632304005
5082.82969909271,5.40176508589499
5103.91302831426,5.29092085587111
5125.10743036843,5.37063615225033
5146.38522336432,5.37290060217288
5167.74629221663,5.29469849149528
5189.21851062439,5.31554006260755
5210.74628460938,5.33455192057885
5232.38513142502,5.51104590785355
5254.10736918187,5.48584258323075
5275.91288279959,5.37476341632125
5297.82954596741,5.44584396815858
5319.82952333852,5.30948744695474
5341.91285328351,5.32784627219173
5364.07949744545,5.44991272222159
5386.35725279235,5.23557455240983
5408.71836071465,5.36316220948678
5431.16278285269,5.33472579774455
5453.71831617639,5.28416664871409
5476.35720207403,5.37692845337704
5499.0794021891,5.42809638255951
5521.91271349042,5.22749039958497
5544.85713597843,5.2965295172339
5567.88491104931,5.28663792261423
5590.99600032897,5.36523704082366
5614.21820079582,5.38415053246958
5637.52375383705,5.25544482000301
5660.91262109543,5.33606401876612
5684.41259954143,5.36427432813782
5708.02368917538,5.3560523571953
5731.71813138326,5.46801706685354
5755.49588780862,5.3413801420621
5779.38475542226,5.3648033306649
5803.38473422444,5.26610356609096
5827.4958242154,5.27288222080516
5851.69026678335,5.26825174289662
5875.96802356544,5.21723099581669
5900.35689153651,5.22358241133982
5924.85687069677,5.25405206773324
5949.46796104647,5.53221157421058
5974.16240396788,5.25929263338162
5998.96791971936,5.31286324294109
6023.88458503293,5.38276543520745
6048.88456455228,5.28968473161319
6073.9956552614,5.23922560250599
6099.21785716049,5.33431864490065
6124.55117024965,5.2720541323109
6149.96783590657,5.26117118260548
6175.49557440331,5.1690118368522
6201.13446244861,5.21258634639878
6226.88442331856,5.29597330091731
6252.74553375112,5.18304504394685
6278.68995839015,5.34457863958362
6304.74549421951,5.2797937269402
6330.93989984101,5.28941173391065
6357.24545504475,5.22355835513046
6383.63432444547,5.25355949913904
6410.13430503669,5.34577407975693
6436.74539681848,5.30564233353376
6463.46759979085,5.22470137291301
6490.30091395378,5.27410658868239
6517.24533930728,5.3233957220234
6544.30087585135,5.37550183125593
6571.46752358596,5.36805405356999
6598.74528251108,5.2119664408422
6626.13415262671,5.20240190527162
6653.63413393279,5.23331354657786
6681.27298503664,5.34243640133913
6709.02298571131,5.25926459066352
6736.8563005884,5.21612955525914
6764.82848527202,5.1989155581679
6792.91181950838,5.15411548569893
6821.10622657958,5.20423107574976
6849.43954181644,5.20713134238465
6877.88396824338,5.21415584320391
6906.4395058604,5.20953737547573
6935.10615466727,5.16863091480228
6963.88391466394,5.21788220512739
6992.80054446657,5.21796378828958
7021.85608244374,5.2772095274981
7050.99497298169,5.10582634313844
7080.24493637139,5.16485722619335
7109.66156652293,5.23653942423241
7139.18934624679,5.25486275593599
7168.82819879129,5.27336222243835
7198.57820087796,5.27345524819931
7228.46703441693,5.13012455915179
7258.49481450384,5.19640465395042
7288.60590878517,5.1012907905936
7318.85587288219,5.15656840090562
7349.24474514424,5.1949399503908
7379.77248720569,5.16098011220119
7410.41137882728,5.20524130866205
7441.16134328408,5.22868317622614
7472.05021590239,5.10795317216443
7503.07795832613,5.12138108481457
7534.24460892488,5.12158554576212
7565.52237071061,5.17558402183686
7596.93900230121,5.07469716692647
7628.46678343705,5.18209384185216
7660.13339603255,5.0698273840002
7691.93895515751,5.07035211999697
7723.85558711514,5.08118373663355
7755.93888584606,5.0468180815313
7788.16109275741,5.1182236265009
7820.49441085389,5.18602464437478
7852.93884013524,5.07357268202571
7885.52213923625,5.079855980593
7918.27210511276,5.15870728819478
7951.1609791662,5.14340721703518
7984.16096440344,5.0678887527272
8017.29981945351,5.1194611151208
8050.60534128073,5.18074463903036
8084.04977128907,5.17977303948601
8117.60531248009,5.27642447111513
8151.29972348241,5.71369816467359
8185.13304264941,5.06663022552104
8219.10523162869,5.17614851214073
8253.2440873873,5.15244082231635
8287.5218513231,5.03700594109164
8321.91072643973,5.05934651829571
8356.43847137455,5.29283791407594
8391.13288308977,5.15343570483998
8425.99396158591,4.97228871977329
8460.99394826244,5.0412499294788
8496.10504611811,5.06653585863156
8531.35501379117,5.18306742507198
8566.77164824597,5.10859310824064
8602.35494948296,5.05358630136055
8638.07715889511,5.15935364107494
8673.93823811193,5.10905763365679
8709.93822549354,4.98726437339664
8746.10484129931,5.14385473896456
8782.43816226513,5.07558282311073
8818.88259440662,5.09911505155578
8855.4936549801,5.09363552641647
8892.27142070477,5.05794311341256
8929.18805623203,5.07816529003062
8966.24359992213,5.06543248799169
9003.46577204409,5.18086427854674
9040.85464931588,5.04750868693049
9078.38239639185,5.0827459066303
9116.07681025264,5.1437104408813
9153.93789089838,5.02983645290603
9191.9378797128,5.05412694422768
9230.07673833804,5.05522664266243
9268.41002235668,5.05951735388407
9306.91001153939,5.04695505726636
9345.54887052047,5.07019352418305
9384.32663766105,5.08675369170638
9423.27103324407,4.96715085368002
9462.40989258205,5.07343327924633
9501.6876600867,5.06401654660042
9541.13205602033,5.17249322307772
9580.74315709962,5.11672624680151
9620.52088660247,5.05298998990972
9660.46532125524,6.69776910990524
9700.57638432863,5.07733594942582
9740.85415255366,5.11601734507974
9781.29854919906,4.97797014350515
9821.90965099498,4.99860362595892
9862.68738121361,5.00684245935678
9903.63181657901,5.03135259335786
9944.74288037196,5.05855411282188
9986.02064930546,5.39107998691962
10027.4650466737,5.02734088085843
10069.1039078009,4.98700322675311
10110.9094357135,4.975848527153
10152.8816304117,4.98162514428875
10195.0482505068,4.97558523019528
10237.3815757591,5.02433796822271
10279.8815294327,5.00973066876343
10322.5759468713,5.02454489264786
10365.4370310948,5.02872380834364
10408.4647821032,5.02448182582089
10451.6591998962,5.0801206485445
10495.0480430946,5.00767843043077
10538.6313500577,5.02673462578455
10582.3813238051,5.08630418968924
10626.2979643365,5.00979491586807
10670.4090302745,5.07829777856484
10714.7145599758,5.07543222304333
10759.2145150744,4.94960697336292
10803.8811753241,4.99667882842208
10848.7144640049,5.02158748759052
10893.7699750568,4.92963426986892
10939.019949881,5.01753619165565
10984.4365914876,5.08071298641184
11030.0198998764,5.03183879490856
11075.7976336751,5.05136007856613
11121.7975898471,5.01770150662817
11167.9920097913,5.01601884941053
11214.3530965167,5.03873892146242
11260.9086086462,4.96664352977964
11307.6585845393,5.05258327673137
11354.6029858355,5.02162804299944
11401.7418508954,4.99369630774152
11449.075141359,5.00456570982759
11496.6028955854,5.01167289680309
11544.3250752167,5.02744437059635
11592.2694772251,5.01821482917768
11640.4083430035,5.06104541959632
11688.7138755597,5.04430567597801
11737.2415921405,4.97757952859404
11785.9915694695,5.06465631977922
11834.9082135754,5.03292848512397
11884.0192830907,5.05190913707963
11933.3525749848,5.06052593497648
11982.9080892579,5.17640046783848
12032.6580672972,5.15790637535757
12082.6024707399,5.14529096905975
12132.7690965623,5.06578807129898
12183.1579447646,5.10997682645739
12233.7412567338,5.11986817900649
12284.5189941057,5.06844795511861
12335.5189538579,5.03287807247255
12386.7411359904,5.05241441204001
12438.1577818854,5.09234311639838
12489.7966118025,5.10497572679538
12541.6577024649,5.12111049920762
12593.713218528,5.1127784978245
12645.9909569721,5.13161180357299
12698.4909177971,5.09464302420237
12751.213101003,5.05408004388431
12804.1575065902,5.08638096407623
12857.3241345584,5.10053597503038
12910.7129849079,5.14496977862844
12964.3240576386,5.11892061852044
13018.1573527505,5.09705652968157
13072.1851116198,5.15994905911128
13126.4350545226,5.14942243085489
13180.935016778,5.10703309910374
13235.6572014145,5.13977151758211
13290.6016084319,5.23086996340986
13345.7959964425,5.15118679359126
13401.2126452047,5.15477377999943
13456.8514779821,5.17305917519696
13512.7125715,5.1463081330943
13568.795849045,5.12204920352752
13625.1291459448,5.17018555064292
13681.7124238383,5.24146321679988
13738.5179624805,5.26086029448029
13795.5456851432,5.26643933166448
13852.8234271633,5.18638445380704
13910.3511501774,5.25849864818385
13968.1011339375,5.23555402676406
14026.0733017217,5.27449324852785
14084.3232474743,5.22499797618688
14142.7954539731,5.27740527593919
14201.4898444963,5.32439219962664
14260.4620129891,5.29472081991169
14319.6842008465,5.29708885424555
14379.1286110817,5.28427863925931
14438.8230023163,5.32155608196381
14498.7674129098,5.36825558332489
14558.9618045014,5.35064727493697
14619.4062154528,5.44186339138542
14680.100607402,5.37670769205412
14741.0450187104,5.3694105955329
14802.2394110181,5.37819307045101
14863.6838226828,5.39765051971249
14925.4059739583,5.44055283588368
14987.3781829644,5.43741689306246
15049.6003346034,5.52852538409128
15112.1003025843,5.48981837447541
15174.8224929387,5.49938568286974
15237.8224229119,5.55717279745513
15301.1001692264,5.52075865973841
15364.600137913,5.55008376163486
15428.377846224,5.65257774252015
15492.4333708695,5.61437455245567
15556.7666351243,5.56421085940354
15621.3499571039,5.62305656001867
15686.1832217286,5.61729612858804
15751.3220613005,5.68763124122424
15816.7109202311,5.73641807298131
15882.3775187775,5.66975996478884
15948.3219336641,5.73852713070141
16014.5440881607,5.73495226850903
16081.0440590021,5.89109358231422
16147.794010838,5.78858507957155
16214.8217406501,5.74646680293135
16282.1272484388,5.79833636695141
16349.738292817,5.76264828188842
16417.6271535402,5.84449384214672
16485.7937538734,5.828739867279
16554.2381705466,5.90637578247015
16622.9603268356,5.93928419826696
16691.9880580789,5.95349074733979
16761.2935672982,5.90833862032791
16830.8768544936,5.9264036916035
16900.7379196646,5.98064984599302
16970.9045214297,6.05624915156205
17041.3766981509,5.95709122257894
17112.1266528475,6.09992205562159
17183.1543855192,6.12548115253351
17254.4876547865,6.12308935092035
17326.1264990081,6.16619412542673
17398.0431212043,6.16631544957065
17470.2652799966,6.20515975286144
17542.8207723553,6.19238404037668
17615.6540810567,6.18632337459691
17688.7651293756,6.32948296674557
17762.2095112619,6.24968518232809
17835.9594681051,6.3326761735446
17910.0149615397,6.37571353194111
17984.3760299308,6.36853864153304
18059.0426349143,6.38379648546756
18134.0148148524,6.48543533811619
18209.2925313851,6.4847837122184
18284.9035814875,6.43056141752306
18360.8202065467,6.53100176148573
18437.0423681988,6.55766471278016
18513.5978634215,6.54820743541322
18590.4589335997,6.66643382220049
18667.6255403723,6.62861474096605
18745.1254807158,6.65894270270992
18822.9587546304,6.74263964035472
18901.0976034989,6.78451486958513
18979.5697475786,6.77815431323428
19058.3752635942,6.71827645515532
19137.4863162012,6.73300598848694
19216.9307023798,6.84432150856899
19296.7084221301,11.9300534110536
19376.8194754521,6.92999718077533
19457.2638623458,6.93619959217617
19538.0415828113,6.93453940593143
19619.18039546,6.99400370705387
19700.6525800525,6.98400503866596
19782.4303012328,7.08662344058083
19864.5413559848,7.04142349619718
19947.0135029255,7.05258799781494
20029.8467804174,7.07403549823905
20113.0133914807,7.15430852674233
20196.5133361152,7.15173087278208
20280.3466143207,7.16820617961485
20364.540984716,7.30684299623715
20449.0964856617,7.28582732715366
20533.985320178,7.19515974900952
20619.2352468832,7.27203388112774
20704.8463041396,7.29645182876691
20790.7906949656,7.23326858514936
20877.0961779829,7.37266062278349
20963.7905501635,7.24983456265282
21050.8460528989,7.28839854139384
21138.234889203,7.32125492256516
21225.9848176972,7.32830278873595
21314.0958767394,7.27957981579446
21402.568027973,7.26982813784139
21491.4290683719,7.21776384136848
21580.6789979362,7.27780319879595
21670.2900580549,7.20200074820988
21760.2344517395,7.26108894220504
21850.5676962353,7.15885196014351
21941.2898682584,7.08908731001238
22032.3731324695,7.05575006756658
22123.8452858474,6.95546276098857
22215.7063283919,6.96606836477403
22307.9562601032,6.88068800786567
22400.5673223645,6.71849354060921
22493.5672354319,6.72599854218465
22586.9560760286,6.59880237978937
22680.7060088133,6.52328680630705
22774.8725893811,6.37791292636296
22869.4280974788,6.32187554005249
22964.3724563815,6.30824442845903
23059.73350143,6.14046176804035
23155.455677025,5.94355371037182
23251.5667034323,5.88879638122442
23348.1221745948,5.77654014100923
23445.0665732921,5.62384120687257
23542.3998227922,5.47391952131899
23640.1497584383,5.39148434724307
23738.2885832505,5.25773281802422
23836.8440558465,5.07883835849315
23935.8162145891,4.99420726575853
24035.1772624971,4.8682727393171
24134.9549581905,4.76164821862332
24235.1493400282,4.6052037187542
24335.7603696507,4.51163308472814
24436.7880854176,4.4064039659421
24538.2324489697,4.30383176507091
24640.1212572823,4.2522233238693
24742.4267517425,4.17043667412837
24845.1488939856,4.17827559017911
24948.2877223728,4.16362170927058
