Frequency_Hz,Current1p2_ASD_V_per_rtHz,NominalCurrent_ASD_V_per_rtHz,Current1p2_vs_Nominal_dB
1,5.53853032301585e-06,7.32706505203086e-06,-2.43071019158648
1.0594630943593,5.53737337314221e-06,7.2236689655908e-06,-2.30908055179088
1.12246204830937,5.53600171913952e-06,7.09916276349579e-06,-2.16021834209628
1.18920711500272,5.65123971905112e-06,7.26816396546142e-06,-2.18561972427792
1.25992104989487,5.7506785167007e-06,7.41361013490354e-06,-2.20621308093599
1.33483985417003,6.01712989839065e-06,7.01243092865898e-06,-1.32958418736484
1.4142135623731,6.062844296979e-06,6.87475941663172e-06,-1.09162179042105
1.49830707687668,5.99116793064371e-06,6.76257570364778e-06,-1.0520129389147
1.5874010519682,5.57642724224731e-06,6.1441490751971e-06,-0.84211408496802
1.68179283050743,5.444173657277e-06,6.13571249491918e-06,-1.03866063196176
1.78179743628068,5.3660538493422e-06,6.32962845064501e-06,-1.43446382169917
1.88774862536339,5.07937261041906e-06,6.25378023996388e-06,-1.80665086260642
2,4.62420078822605e-06,6.20821526440645e-06,-2.55860167785008
2.11892618871859,4.88250308635958e-06,6.00807075515966e-06,-1.80185024173441
2.24492409661875,5.63380842749082e-06,5.73367913669791e-06,-0.152626211126407
2.37841423000544,5.31443867301447e-06,5.46346903269953e-06,-0.240221720337608
2.51984209978975,5.04424271541195e-06,5.64346073628651e-06,-0.974990647011785
2.66967970834007,5.0035427571343e-06,5.70756849454311e-06,-1.14347033331744
2.82842712474619,4.77876873930519e-06,5.62823798742618e-06,-1.42112878065599
2.99661415375336,4.8129271911109e-06,5.62881647995716e-06,-1.36015594965087
3.1748021039364,4.95053480342644e-06,5.91545487036152e-06,-1.54672054756725
3.36358566101486,5.0054384506577e-06,5.61711591724585e-06,-1.00142521628767
3.56359487256136,5.03735301767012e-06,5.19984640324975e-06,-0.275762560938487
3.77549725072677,4.72744520989897e-06,5.56880038708232e-06,-1.42270293552202
4,4.86994520656261e-06,5.55205274378045e-06,-1.13859016725725
4.23785237743718,4.83265243890116e-06,5.40465519966084e-06,-0.971648608556874
4.48984819323749,5.14616549472076e-06,5.6836385647831e-06,-0.862854077504193
4.75682846001088,4.78812128871957e-06,5.60882782772373e-06,-1.37413931525783
5.03968419957949,5.25993752734558e-06,5.29740073578948e-06,-0.0616448297419352
5.33935941668014,5.12213880375377e-06,5.31983252457005e-06,-0.328932343883661
5.65685424949238,4.97019916473969e-06,5.39765907849332e-06,-0.716633171600387
5.99322830750673,5.28730738609881e-06,5.25017229501177e-06,0.0612200730980894
6.3496042078728,4.98741261051793e-06,5.50950749930508e-06,-0.864749589883132
6.72717132202972,4.65707543123705e-06,4.99373352641078e-06,-0.606241833499826
7.12718974512272,4.89252435063512e-06,5.22361505434673e-06,-0.568763379342168
7.55099450145355,4.83355282945697e-06,5.23048839819465e-06,-0.685515468805986
8,4.98682484741204e-06,4.8967884880555e-06,0.158255384593887
8.47570475487436,5.10635815688376e-06,5.15921612666276e-06,-0.089448975161173
8.97969638647498,5.03420949321018e-06,5.3906545345984e-06,-0.594204324904687
9.51365692002177,4.91629428359428e-06,5.5896593979445e-06,-1.1149494781457
10.079368399159,5.01040169521863e-06,5.13854462985652e-06,-0.219351744604192
10.6787188333603,4.98786924604977e-06,5.38305398375177e-06,-0.662273499048733
11.3137084989848,4.83418427847111e-06,5.09527700815355e-06,-0.456891961185784
11.9864566150135,4.74079763465158e-06,5.24399211456816e-06,-0.876212250301867
12.6992084157456,5.08092883100702e-06,4.93578708242938e-06,0.251733894155631
13.4543426440594,4.54815226777068e-06,5.13909504159311e-06,-1.06103307020149
14.2543794902454,4.75724659665187e-06,5.28061047108891e-06,-0.906569369179201
15.1019890029071,4.84905367079166e-06,5.04653455973737e-06,-0.346725213906174
16,4.86587536858405e-06,5.01945219590334e-06,-0.269906829432526
16.9514095097487,4.94925185440042e-06,4.88880364975877e-06,0.106739190803508
17.95939277295,4.8159952715153e-06,5.17125205083731e-06,-0.618193085819788
19.0273138400435,4.81263752647034e-06,5.06842921208971e-06,-0.449804643670757
20.158736798318,4.99424924220273e-06,5.04050682434192e-06,-0.0800798936641241
21.3574376667206,4.67788828680927e-06,4.85809265719668e-06,-0.328318951576173
22.6274169979695,4.68829893575051e-06,4.9813837180603e-06,-0.526694029754375
23.9729132300269,4.81967206321296e-06,5.20758813634533e-06,-0.672382793248195
25.3984168314912,4.90710579151051e-06,4.91051785834642e-06,-0.00603747673054586
26.9086852881189,4.98541693441257e-06,5.23847015379779e-06,-0.430059785950766
28.5087589804909,4.83444231671623e-06,5.19657443363731e-06,-0.627415392271578
30.2039780058142,4.85661973007167e-06,5.25929502983008e-06,-0.691868683893827
32,4.94786594845505e-06,5.19809552591901e-06,-0.428526628970791
33.9028190194974,4.7311527711407e-06,5.26431861933904e-06,-0.927503898700685
35.9187855458999,4.96868360737778e-06,5.08516862987638e-06,-0.201280325706078
38.0546276800871,4.74975405064099e-06,5.27189753224247e-06,-0.905916773404144
40.3174735966359,4.83285427741803e-06,5.04986162039127e-06,-0.381515543668842
42.7148753334411,4.71509327689128e-06,5.17880895714711e-06,-0.814792036710189
45.254833995939,4.86809737187097e-06,4.97692754101198e-06,-0.192041229711479
47.9458264600538,4.99177231572889e-06,5.10222064539992e-06,-0.190089352167109
50.7968336629824,1.39974127171523e-05,2.37182413572794e-05,-4.58069432134636
53.8173705762377,4.95365657169475e-06,5.12311010251001e-06,-0.292155902551205
57.0175179609817,4.83982560241183e-06,5.25921426216833e-06,-0.721823037146171
60.4079560116284,4.76025991085072e-06,5.09871755406219e-06,-0.596605775461394
64,4.90530020063863e-06,5.0043870997857e-06,-0.173706097683736
67.8056380389949,4.8091691752848e-06,5.10628779363417e-06,-0.520704669373122
71.8375710917999,4.87095629876888e-06,5.11215525599876e-06,-0.419796033468876
76.1092553601741,4.84747835200659e-06,5.17065918525879e-06,-0.560600694014565
80.6349471932719,4.83735202654481e-06,5.0453749954822e-06,-0.36571514543841
85.4297506668822,4.88294432880331e-06,5.13651262362704e-06,-0.439731738609826
90.5096679918781,4.91649474251933e-06,5.16410670738556e-06,-0.426792571052117
95.8916529201076,4.8657194279163e-06,5.17968926827184e-06,-0.543132888681711
101.593667325965,5.73611072469644e-06,5.72094988217285e-06,0.0229876556232801
107.634741152475,4.82563791827059e-06,5.14338488116943e-06,-0.553885830501989
114.035035921963,4.79319237374615e-06,5.0848043252516e-06,-0.512987705820391
120.815912023257,4.82646137044305e-06,5.10407015948213e-06,-0.485756017975836
128,4.81514348596462e-06,5.11295399726973e-06,-0.521253042415683
135.61127607799,4.83392641381253e-06,5.1280007974732e-06,-0.512960982635415
143.6751421836,4.89595753162421e-06,5.06075458839556e-06,-0.287552710620595
152.218510720348,5.7960474308032e-06,6.06023124554316e-06,-0.387145309209198
161.269894386544,4.8301637620736e-06,5.13888399010641e-06,-0.538139165868353
170.859501333764,4.80245874599736e-06,5.16398983135671e-06,-0.630434710522932
181.019335983756,4.8202161950752e-06,5.15154535145928e-06,-0.577420198752348
191.783305840215,4.8879949456643e-06,5.10357857691735e-06,-0.37488115168642
203.18733465193,4.93807432752872e-06,5.21462747312723e-06,-0.473313315373069
215.269482304951,4.79315452547946e-06,5.09786065712249e-06,-0.535330602407316
228.070071843927,4.80166379771821e-06,5.1062501147093e-06,-0.534206704453409
241.631824046514,4.80918311738357e-06,5.18097255051673e-06,-0.646799549869574
256,4.998264213957e-06,5.25573665840747e-06,-0.436287736637714
271.22255215598,4.8446383164421e-06,5.17695185223271e-06,-0.576255323542658
287.350284367199,4.90551518430402e-06,5.12970384849785e-06,-0.388153370182999
304.437021440697,4.90355174166039e-06,5.14042154893118e-06,-0.409759464512043
322.539788773088,4.93915717994498e-06,5.13858038455891e-06,-0.343806153949894
341.719002667529,4.95595698053505e-06,5.24300340759867e-06,-0.489052241714901
362.038671967512,4.85581670896553e-06,5.10511445809907e-06,-0.43486396682447
383.566611680431,4.83086673610679e-06,5.10253385662436e-06,-0.475216756268161
406.374669303859,4.81692751775761e-06,5.06203751749373e-06,-0.431104965298883
430.538964609902,4.85431221861104e-06,5.11295270564217e-06,-0.450881396125864
456.140143687854,4.9060520037503e-06,5.23835050848936e-06,-0.569248143828327
483.263648093027,4.87867801790426e-06,5.08717413271579e-06,-0.363488942163479
512,4.89142114978208e-06,5.13980358068724e-06,-0.430229311153955
542.445104311959,4.81086018402491e-06,5.11541750260002e-06,-0.533166994604534
574.700568734399,4.8472792927465e-06,5.13672717081319e-06,-0.503769112947376
608.874042881393,4.83547640765753e-06,5.07102348085848e-06,-0.413127056114538
645.079577546175,4.91407487912349e-06,5.17097194674338e-06,-0.442608236648243
683.438005335057,4.82729755987732e-06,5.10269665153082e-06,-0.481913616938131
724.077343935025,4.83201756442019e-06,5.07696817419996e-06,-0.429518733758993
767.133223360861,4.85755549372919e-06,5.16185169565812e-06,-0.527755039403326
812.749338607718,4.83229989291046e-06,5.14816866486886e-06,-0.549977761400441
861.077929219804,4.87966055355612e-06,5.20668496714215e-06,-0.563433785812626
912.280287375708,4.87232716495763e-06,5.1150082059643e-06,-0.422197847162293
966.527296186054,4.85753448418391e-06,5.17980741733317e-06,-0.557954416082382
1024,4.85267138967743e-06,5.14436446332692e-06,-0.507016929956172
1084.89020862392,4.81138624724605e-06,5.08336141915931e-06,-0.477615319681392
1149.4011374688,4.91605337961554e-06,5.27678708213196e-06,-0.615059617626334
1217.74808576279,4.8647723078201e-06,5.15175265699842e-06,-0.497849710316949
1290.15915509235,4.83241037931724e-06,5.11252250271737e-06,-0.489428482096225
1366.87601067011,4.83348446853126e-06,5.13114233974364e-06,-0.51907469797434
1448.15468787005,4.88339987598478e-06,5.15347412444606e-06,-0.46755623924727
1534.26644672172,4.8745623414529e-06,5.12716398531924e-06,-0.438831579253801
1625.49867721544,4.83682447704566e-06,5.11271802123809e-06,-0.481830267662697
1722.15585843961,4.83335943481938e-06,5.11745133074764e-06,-0.496092563731845
1824.56057475142,4.85582664871898e-06,5.10232986150575e-06,-0.430107155665554
1933.05459237211,4.84605930236303e-06,5.06796398787344e-06,-0.388895915983917
2048,4.82323932810215e-06,5.07201638708982e-06,-0.43683671949523
2169.78041724784,4.84244528941714e-06,5.08720757484056e-06,-0.428294718735325
2298.8022749376,4.80557238574178e-06,5.06096580879885e-06,-0.449765598471197
2435.49617152557,4.84264416946913e-06,5.06519106449786e-06,-0.390265463583187
2580.3183101847,4.83197676247786e-06,5.10054025842851e-06,-0.469826854854984
2733.75202134023,5.92903962283437e-06,5.83271457917993e-06,0.142272553961749
2896.3093757401,4.9266971887991e-06,5.6525032292624e-06,-1.19369898435067
3068.53289344344,5.55151401505968e-06,5.7455023709375e-06,-0.298331353027655
3250.99735443087,4.8202842320621e-06,5.04066148011709e-06,-0.388297692284115
3444.31171687922,4.79011722268795e-06,5.02889553697942e-06,-0.422529456092507
3649.12114950283,4.79184669318142e-06,5.0139663431086e-06,-0.39356998538681
3866.10918474421,4.77743592552386e-06,5.01473496776289e-06,-0.42106228287024
4096,4.77297318811797e-06,4.98308814550357e-06,-0.374191493871153
4339.56083449568,4.78195850345895e-06,4.97458167209014e-06,-0.343015246982137
4597.60454987519,4.75621802408616e-06,4.97404671273642e-06,-0.388962103298252
4870.99234305115,4.72213009626392e-06,4.94496249778287e-06,-0.40050108847553
5160.6366203694,4.70704578465741e-06,4.92208868846507e-06,-0.388020242355201
5467.50404268046,4.68883990908469e-06,4.8806532793907e-06,-0.34825103344627
5792.6187514802,4.67985816811547e-06,4.85404871659943e-06,-0.317428791104396
6137.06578688689,4.67094170298647e-06,4.84623778091768e-06,-0.320005440406533
6501.99470886174,4.65294431999386e-06,4.82528312796086e-06,-0.315898910609788
6888.62343375843,4.60394084209675e-06,4.77597277632935e-06,-0.31864216050511
7298.24229900566,4.59328778403241e-06,4.74131879542775e-06,-0.275510021448122
7732.21836948843,4.56523688651412e-06,4.70323909582429e-06,-0.258674792643073
8192,4.56858499397928e-06,4.68054613981652e-06,-0.210296436833895
8679.12166899135,4.50302601540628e-06,4.62453540248817e-06,-0.231273048982766
9195.20909975038,4.47875155317505e-06,4.56585380214714e-06,-0.167300591203943
9741.98468610229,4.48223799145087e-06,4.53341346250405e-06,-0.0986083524031228
10321.2732407388,4.41454475762455e-06,4.45802243719441e-06,-0.0851265120689058
10935.0080853609,4.38203290125282e-06,4.40074907961419e-06,-0.0370194560516963
11585.2375029604,4.3428010606339e-06,4.33328423559933e-06,0.0190551665378124
12274.1315737738,4.33145423851711e-06,4.29026340991202e-06,0.0829954605589079
13003.9894177235,4.29494108992827e-06,4.21159588692073e-06,0.170210369585045
13777.2468675169,4.28473264374078e-06,4.14142192761351e-06,0.295484992379546
14596.4845980113,4.27619169439021e-06,4.06528156599472e-06,0.439330699133744
15464.4367389769,4.29463627825313e-06,4.00483714070876e-06,0.606830570027718
16384,4.32229127848888e-06,3.95891593064221e-06,0.762755023088346
17358.2433379827,4.36880491080021e-06,3.89500305161032e-06,0.997096988727991
18390.4181995008,4.42153781831503e-06,3.83270162178385e-06,1.24136667005562
19483.9693722046,4.91430424053127e-06,4.10211092703454e-06,1.56909279291877
20642.5464814776,4.53757297569111e-06,3.72907147174261e-06,1.70445830974135
21870.0161707218,4.28792785472364e-06,3.48511469820953e-06,1.80060787932646
23170.4750059208,3.50330053172856e-06,2.82261653534397e-06,1.87651027262969
