Frequency_Hz,Run_01_ASD_V_per_rtHz,Run_02_ASD_V_per_rtHz,Run_03_ASD_V_per_rtHz,Run_04_ASD_V_per_rtHz,Run_05_ASD_V_per_rtHz,Run_06_ASD_V_per_rtHz,Run_07_ASD_V_per_rtHz,Run_08_ASD_V_per_rtHz,Run_09_ASD_V_per_rtHz,Run_10_ASD_V_per_rtHz,Run_11_ASD_V_per_rtHz,Run_12_ASD_V_per_rtHz,Run_13_ASD_V_per_rtHz,Run_14_ASD_V_per_rtHz,Run_15_ASD_V_per_rtHz,Run_16_ASD_V_per_rtHz,Run_17_ASD_V_per_rtHz,Run_18_ASD_V_per_rtHz,Run_19_ASD_V_per_rtHz,Run_20_ASD_V_per_rtHz
1,5.62770178698306e-06,2.26351126879012e-06,9.15585828015457e-06,6.04746510110464e-06,4.44975151765858e-06,7.54697998180206e-06,4.60821525542005e-06,2.74705633441645e-06,4.53551629294877e-06,1.21528944907176e-05,2.63193677038321e-06,6.1224808133721e-06,4.89956964628643e-06,4.36208092433267e-06,5.15649066453042e-06,4.08832967969888e-06,4.03047551695821e-06,6.15464151399202e-06,5.28718806159483e-06,6.08936836576949e-06
1.0594630943593,6.24133364967846e-06,3.81186415907143e-06,3.88305615785537e-06,5.72695647560977e-06,6.13894488563068e-06,4.64102620849009e-06,3.66562783976336e-06,3.08740725645204e-06,3.91084155664351e-06,9.63439670474554e-06,5.44580342746474e-06,5.35398536181778e-06,4.32978887527188e-06,3.73439348494827e-06,5.86676723113974e-06,1.9153914703009e-06,4.80278750111827e-06,9.73802927438423e-06,8.62729444382304e-06,4.26458366670421e-06
1.12246204830937,7.19223383817096e-06,6.83577329102987e-06,4.39887682556703e-06,7.48366675596211e-06,6.77087796313223e-06,5.17634500684783e-06,4.24719545362801e-06,4.91772552331078e-06,5.3533475804218e-06,7.80123320480947e-06,4.80096049516014e-06,8.02389428034183e-06,5.17441071855117e-06,4.00461390717929e-06,3.74352008875299e-06,1.84677436895749e-06,4.94786327064584e-06,7.69064039036048e-06,7.16657576245996e-06,4.99550115133022e-06
1.18920711500272,5.50844026182244e-06,4.73352261398292e-06,8.8389795712036e-06,5.76083597998826e-06,3.91833496785805e-06,4.4334752525654e-06,4.13065366631153e-06,2.928293768233e-06,6.00627362736021e-06,9.16804400595337e-06,5.62984773456732e-06,6.80648309470183e-06,4.16350691691735e-06,4.78238480747698e-06,2.23433984794332e-06,3.72964754229678e-06,6.25859847031997e-06,4.9233424462888e-06,2.81369868885758e-06,6.01319878137431e-06
1.25992104989487,4.65233178494641e-06,3.32712217119886e-06,4.13101824361641e-06,9.95827147759086e-06,6.58542668857068e-06,5.59811515061624e-06,6.19388920631249e-06,5.30857027091361e-06,9.57581228218872e-06,8.83074828550121e-06,5.50256998868587e-06,6.90839154152934e-06,2.09385939317996e-06,5.58768638094456e-06,3.14835120103577e-06,4.75863017760445e-06,7.77868005408074e-06,7.22018769200548e-06,7.08995546265835e-06,5.31515618177838e-06
1.33483985417003,4.04433831958755e-06,1.53224062762652e-06,2.5062881947876e-06,5.38694682011587e-06,4.22620334556202e-06,7.92466963020713e-06,5.38098330236225e-06,6.4396571482598e-06,4.46769936245825e-06,6.19881133732114e-06,7.17071536032787e-06,5.447756271923e-06,4.29764140664743e-06,1.04030052761862e-05,3.12079754208903e-06,6.93397890096351e-06,4.65055944746151e-06,3.82703607830353e-06,3.57664450871311e-06,3.4953919878875e-06
1.4142135623731,4.98061671482237e-06,6.84615510578619e-07,5.02678102969928e-06,5.14817253592144e-06,1.88227914482996e-06,7.70432648223781e-06,2.62025083523068e-06,5.27073417577253e-06,7.35463071700243e-06,8.57334785770815e-06,6.82253756258532e-06,4.89582365217257e-06,3.25457814441003e-06,7.62607444493669e-06,2.18511345042489e-06,5.46182424790121e-06,5.57027247904935e-06,7.29565269362919e-06,4.9337753681351e-06,4.62691122243845e-06
1.49830707687668,3.31585368498147e-06,3.77177482152236e-06,4.02394679592452e-06,6.19493339336531e-06,6.6741712782413e-06,7.12779049244949e-06,3.8291641704067e-06,5.25569407400781e-06,6.33497984023588e-06,7.49976342701216e-06,4.04851566867861e-06,5.26687394853702e-06,7.04367528306875e-06,1.13627995814742e-05,2.27231932401401e-06,3.25493395879794e-06,6.46300272175262e-06,4.90548443028154e-06,4.35664874682849e-06,5.38349637233997e-06
1.5874010519682,4.122211866362e-06,5.31923604300866e-06,4.18651058331223e-06,9.40711422590575e-06,2.93853647469788e-06,3.85811920925298e-06,7.80495304475336e-06,5.37628796082981e-06,4.8954761700747e-06,7.18750928658438e-06,8.36416782214792e-06,5.95717173451975e-06,5.05701821453632e-06,6.40845597491407e-06,3.79248858332186e-06,3.99547340596494e-06,2.25466395008162e-06,3.65411950039937e-06,5.40465567463574e-06,3.29298520901538e-06
1.68179283050743,4.43314569746369e-06,2.6895808408713e-06,6.04844125901408e-06,4.88168023086576e-06,6.95033063442907e-06,3.79770789915591e-06,3.14148891543845e-06,6.45010010657215e-06,4.42754309008126e-06,5.71133356296773e-06,8.77986319448219e-06,6.60126381708796e-06,3.53099542511566e-06,3.45944657464291e-06,7.59015824203621e-06,6.9395087350328e-06,6.6704572616682e-06,5.45868995746586e-06,6.96447145138404e-06,2.7025959099962e-06
1.78179743628068,6.63859323177826e-06,4.6163259034764e-06,1.90777766040131e-06,2.77384692768318e-06,5.15336971792484e-06,9.04475408497735e-06,5.44561965404826e-06,2.5847145468056e-06,5.31239482495989e-06,6.14881072718928e-06,4.05868710816575e-06,7.34623433287729e-06,2.2583548874004e-06,4.88099380702167e-06,7.86567034694587e-06,6.0197492515792e-06,3.73090114178639e-06,5.58345607120617e-06,4.86588864097377e-06,5.25040479609647e-06
1.88774862536339,2.77744451371462e-06,3.64614783319768e-06,3.57967595238623e-06,2.67681741336219e-06,4.96742653848268e-06,4.49409211003304e-06,3.75908884379151e-06,2.76954713514584e-06,4.6179357907648e-06,8.19387320396306e-06,5.4304836867178e-06,8.36959197910364e-06,5.20772347147974e-06,5.83734463537605e-06,2.38548970211126e-06,4.49744104728034e-06,2.52690768853098e-06,2.24744081412295e-06,3.83917662591903e-06,3.82633997343421e-06
2,2.33512490651739e-06,6.66963247833984e-06,3.93957257086025e-06,3.46575710607872e-06,3.74565304960383e-06,4.24773005837286e-06,5.05032448458777e-06,3.05901429449929e-06,1.78208733721361e-06,5.68506231777446e-06,6.28349036196966e-06,6.16945525796157e-06,5.14194439405774e-06,4.96069753988603e-06,2.26382290885386e-06,4.56294486950076e-06,5.2905297781703e-06,2.20427967822667e-06,2.80916301392065e-06,4.89067928430925e-06
2.11892618871859,5.57993685925359e-06,6.01139473180177e-06,4.68996800715239e-06,5.7879933007721e-06,3.3693892043543e-06,4.60891734139742e-06,4.49653660030428e-06,4.94573714571887e-06,3.82089438566245e-06,3.92387728549104e-06,2.90237863311877e-06,5.3380673292796e-06,3.42900887551007e-06,4.19724947698043e-06,4.58589204808582e-06,5.91482745028129e-06,4.68963030787361e-06,5.00145380751746e-06,3.47792299656234e-06,5.17159973773743e-06
2.24492409661875,7.72973228561624e-06,5.05610591116283e-06,4.61953245053144e-06,4.15872477072423e-06,3.41215662191967e-06,5.50539085818109e-06,7.87043956233655e-06,4.8653318468622e-06,4.22495424187464e-06,4.39907621263088e-06,7.01553035734484e-06,5.11123257236253e-06,4.90304573359914e-06,4.6314323155657e-06,3.71360317714307e-06,5.51784132920932e-06,7.33070002011167e-06,4.50619290359084e-06,3.77227996684906e-06,3.28657635286802e-06
2.37841423000544,4.52197292788794e-06,8.58531194939998e-06,5.50823776716726e-06,6.30360753608089e-06,2.44250016999175e-06,8.65716918443984e-06,6.41259694869627e-06,4.46903383273045e-06,5.24804394974505e-06,7.02186421726861e-06,4.15111771515024e-06,2.99806215980058e-06,4.71126470717238e-06,1.87072704235292e-06,3.5957648284582e-06,5.09052903099616e-06,5.48366712458116e-06,4.74338068669418e-06,5.15534362471192e-06,5.93238585530505e-06
2.51984209978975,4.86003156050259e-06,4.32577159460783e-06,3.98137658947888e-06,3.37993916120529e-06,4.72261003336954e-06,3.71871396789526e-06,6.03410984585129e-06,4.4175641843159e-06,8.45527204611986e-06,4.34429738837148e-06,6.57094721635656e-06,3.0812682765219e-06,4.66213949733489e-06,6.93392804739182e-06,3.39268149871204e-06,5.93453814261779e-06,3.88739789443163e-06,8.94553683849279e-06,6.46973692021454e-06,3.45675123212057e-06
2.66967970834007,5.62510346914083e-06,6.19457140423866e-06,7.22329122807494e-06,3.80823311597413e-06,3.79972424487226e-06,4.58773757726844e-06,4.69155285845408e-06,1.82808669893597e-06,6.24540751783568e-06,6.24055878340901e-06,5.54885418519107e-06,4.77529217221009e-06,4.68705344574236e-06,5.25365459181601e-06,4.44927468383882e-06,3.67836000712179e-06,3.04114935270242e-06,4.16126457016929e-06,5.37778545463287e-06,3.29288963716244e-06
2.82842712474619,3.53497902001027e-06,5.01151682185192e-06,2.65643294760193e-06,4.48401626197656e-06,4.85432364701052e-06,4.81377828607881e-06,3.32512871118279e-06,4.73129261983638e-06,2.42046089330959e-06,2.1651597957623e-06,3.98586214413565e-06,2.60260112865563e-06,4.32586186335082e-06,4.88981252750593e-06,4.74002698073809e-06,4.5830319276558e-06,3.98749795275987e-06,6.28509598745842e-06,5.35029387644128e-06,6.68346169751358e-06
2.99661415375336,4.19769135916323e-06,6.04356034872115e-06,4.07310498376482e-06,5.47992029886974e-06,4.05461482808258e-06,4.38977588021769e-06,2.81366156874092e-06,2.27867669604205e-06,5.10875141407427e-06,5.3687253627367e-06,4.0339065701193e-06,5.23103507094033e-06,6.28837225103884e-06,2.89587575003211e-06,4.99035132175972e-06,4.14243029509164e-06,3.49584488973277e-06,4.93733070726834e-06,6.59026431887172e-06,8.72360218021967e-06
3.1748021039364,4.42717665204976e-06,3.24737729994824e-06,6.25236139107798e-06,6.74980922877865e-06,4.62529309750909e-06,4.01043384972157e-06,6.04856862383805e-06,2.55970261085983e-06,3.1198539665878e-06,4.33826792157039e-06,5.10156683581833e-06,8.46140779148374e-06,5.13586517024299e-06,2.54573604211847e-06,4.20883554189423e-06,2.33465886936859e-06,5.27140828609051e-06,3.94978756887501e-06,5.52430085785881e-06,6.39971634780519e-06
3.36358566101486,4.99968393783243e-06,2.5959369679425e-06,7.88289199463339e-06,3.98322108471805e-06,7.24824974832598e-06,3.63426598663631e-06,5.07934609451975e-06,2.58817478271413e-06,7.04910125903538e-06,2.49305910432592e-06,4.89703743404208e-06,7.74420819822088e-06,4.16888103104886e-06,3.28817327826931e-06,5.33209601602406e-06,3.82696795638207e-06,4.08596867712752e-06,4.59359362265253e-06,4.39077320866305e-06,1.68589639824325e-06
3.56359487256136,3.19580436206841e-06,3.13298010105497e-06,7.42272804141405e-06,4.11133872024322e-06,3.92140960134312e-06,4.68465266317836e-06,6.82682173225308e-06,3.62491807246454e-06,3.75775583118021e-06,5.55878662483749e-06,6.82745006329034e-06,5.32780369443077e-06,4.20887379971434e-06,4.80326385472207e-06,4.979144338397e-06,3.72386779570681e-06,3.36652392533689e-06,5.95523773904201e-06,4.13810608901507e-06,5.86922129278843e-06
3.77549725072677,4.77835963125381e-06,3.66435918793881e-06,4.31511989651031e-06,3.55852523646647e-06,5.96843602090658e-06,7.26772148099371e-06,5.56640253549928e-06,6.59361487281282e-06,3.03179914815352e-06,2.83596675760886e-06,5.30627206921791e-06,4.54412160552259e-06,2.75785548428882e-06,3.82873738032505e-06,3.93865099073402e-06,5.46089824410097e-06,4.40417116933452e-06,4.67909224635036e-06,4.79254524324054e-06,6.00884904041381e-06
4,5.39364466787315e-06,3.05945682203594e-06,2.26588871904998e-06,4.53585619794941e-06,5.77620209408804e-06,6.61064615124838e-06,4.85878926510876e-06,3.55748473092629e-06,4.34512376117043e-06,5.18484609231171e-06,4.6110352056988e-06,5.96158641941345e-06,4.21299048618525e-06,4.78077459463348e-06,3.56219809392161e-06,3.99404406535915e-06,5.82124559243779e-06,5.45556801921596e-06,4.78387257777892e-06,2.94004356914841e-06
4.23785237743718,4.65275514038993e-06,5.58627824344498e-06,4.69548174505093e-06,5.1715867342795e-06,5.16054511418469e-06,6.33916227242157e-06,7.48939529242457e-06,6.01049603230049e-06,4.36524536159166e-06,4.11664012209475e-06,4.04770560786282e-06,3.45639042663508e-06,2.9129408783242e-06,5.57519522594345e-06,5.12975796622184e-06,3.10142402918385e-06,5.02071104276815e-06,3.75983417879907e-06,3.97274133252937e-06,3.66255060952998e-06
4.48984819323749,7.74352166579986e-06,6.17100223343976e-06,2.51290720984037e-06,5.87464006881696e-06,5.59069233816772e-06,6.70562804340788e-06,6.14266931418429e-06,4.92431989388053e-06,5.84771826895476e-06,6.00724056506386e-06,4.50662871332827e-06,3.18829285359402e-06,4.97727187690951e-06,6.60719243458105e-06,4.80593155147074e-06,5.50046816817271e-06,5.27865074093176e-06,4.36609807281808e-06,5.11361862805211e-06,5.97904896504468e-06
4.75682846001088,2.96185417961691e-06,3.77266329006193e-06,3.24659633168393e-06,6.51569221806694e-06,6.65912689773081e-06,4.32019648065692e-06,4.54241013046912e-06,4.55314612582075e-06,2.37358586247565e-06,4.15299597447386e-06,3.42877378912589e-06,3.63718556878679e-06,5.05977053091447e-06,3.99601985704226e-06,4.60141734706515e-06,5.75697077730668e-06,5.00055038830473e-06,2.69459280121149e-06,5.42499924300014e-06,3.9803012577872e-06
5.03968419957949,6.31383230232407e-06,3.79758124369503e-06,4.22219251758403e-06,6.79879974446444e-06,3.46377471083122e-06,3.27809713313467e-06,3.99524377869657e-06,4.39691099669042e-06,5.60021121872667e-06,4.66834696279371e-06,2.97251588426912e-06,6.89639885547911e-06,7.54744880609529e-06,7.14100232908402e-06,5.47846253142148e-06,5.7818891401364e-06,5.17400010362035e-06,5.77017843718067e-06,6.74934837240734e-06,4.91613118915208e-06
5.33935941668014,4.10657400253975e-06,5.21718306012716e-06,4.05179264220531e-06,4.34588698004829e-06,4.68728402602031e-06,4.50434440627639e-06,5.04172280715565e-06,4.24422309798736e-06,4.92011837688531e-06,5.09045465735955e-06,6.21270549226575e-06,6.8177366539077e-06,6.68915576119076e-06,5.92002189062708e-06,2.45874667875196e-06,4.3338201710443e-06,2.74205378217508e-06,6.78824319242156e-06,5.02413701448241e-06,5.44327310701567e-06
5.65685424949238,4.73059823423364e-06,7.2141900344188e-06,4.37379232288288e-06,5.01743880769258e-06,4.46859781274627e-06,4.47534480805718e-06,4.91762460184249e-06,3.74163168078658e-06,3.43880471486503e-06,2.73570352954142e-06,5.80251749147407e-06,4.79079029573804e-06,3.44642278620568e-06,3.52075894906986e-06,6.51877575207025e-06,3.37090074782414e-06,3.79898222673743e-06,5.53303577491583e-06,4.61060062231341e-06,6.51304034271645e-06
5.99322830750673,5.52805866909005e-06,4.08564556020169e-06,6.32655345725792e-06,6.88186517978555e-06,3.66702297345572e-06,4.68810508094875e-06,5.34147001204633e-06,3.98006460936349e-06,6.97776329835647e-06,4.24024482173766e-06,5.08328600913792e-06,6.18181593734647e-06,6.78240742237937e-06,3.96054292550219e-06,4.93082752289131e-06,7.51420415732139e-06,4.35722788329329e-06,4.98772541710226e-06,4.24001395811436e-06,5.84667927381027e-06
6.3496042078728,5.04974497717378e-06,4.92447918570711e-06,3.30351617277004e-06,3.98967668086323e-06,5.37225633530252e-06,4.14737954526788e-06,4.84000106393775e-06,3.17995091960422e-06,5.58080684923192e-06,3.85172558000081e-06,5.04513299541162e-06,7.67279229208346e-06,4.98510475763197e-06,4.52792443854577e-06,7.69828377843263e-06,4.99723299769135e-06,4.48041681899747e-06,3.62510187865125e-06,5.8717383830528e-06,5.64953345205508e-06
6.72717132202972,3.53585794637606e-06,2.6412522493484e-06,5.55518020407365e-06,3.58365944206631e-06,3.59939378821115e-06,5.95041680781788e-06,4.0853369761869e-06,4.00353800622081e-06,5.07395982367608e-06,3.10057999984934e-06,3.8956110932427e-06,4.68569806674394e-06,5.83046323446448e-06,5.46818925233807e-06,5.04234634361747e-06,5.06252013311892e-06,4.21936869045598e-06,4.53901243925918e-06,4.06454883909508e-06,3.3495685846102e-06
7.12718974512272,5.0446986891494e-06,4.69369285252762e-06,3.88639395418129e-06,5.04386871736569e-06,5.66169089727399e-06,4.27081136039918e-06,4.21432316531285e-06,4.36372359656178e-06,4.00474429703068e-06,5.0188432769912e-06,4.76512135773773e-06,6.74555813642069e-06,3.54950449174269e-06,6.41095419831604e-06,5.53179532125864e-06,4.55496743519561e-06,5.33256537128963e-06,5.22783835947194e-06,4.19493658539588e-06,4.1989073374317e-06
7.55099450145355,5.30222745261518e-06,5.03443300955001e-06,6.24349998338312e-06,5.56992457041792e-06,4.61811892212325e-06,3.76116737667464e-06,4.91780775690207e-06,5.07439378279583e-06,3.41028748664136e-06,3.78862190812301e-06,3.91636047992341e-06,7.08878731346831e-06,5.55494696981095e-06,4.41943107122588e-06,3.20363897752812e-06,5.0083962219978e-06,5.02394922426672e-06,3.53801146103137e-06,4.12047812408051e-06,3.79297440534583e-06
8,4.09786641802883e-06,4.36514013548583e-06,5.89945222946494e-06,2.91493681334017e-06,6.08547179950066e-06,5.13768321397016e-06,4.87530774873073e-06,4.81863986335942e-06,5.34301692754272e-06,5.08755291057072e-06,3.60256216656024e-06,7.2685845572987e-06,4.69260879780464e-06,5.46191665637289e-06,5.17429667151468e-06,5.55437273182551e-06,5.1293090172387e-06,5.0455317069964e-06,3.57628666842392e-06,6.47125651376742e-06
8.47570475487436,5.76427958564923e-06,4.76698669397484e-06,4.57261975846678e-06,4.19951317691177e-06,4.20921348671237e-06,4.1293544360559e-06,4.86989310705723e-06,3.94289620359913e-06,6.08300582010392e-06,6.48288241732645e-06,4.60211320505093e-06,7.18449990857923e-06,5.35155676996298e-06,4.31008024008378e-06,4.73821345114762e-06,5.38314293675728e-06,4.44759060361835e-06,5.96975795546119e-06,3.25506654346619e-06,5.43426238349242e-06
8.97969638647498,4.37183854470373e-06,4.42084108903903e-06,4.00256612729255e-06,5.23568806658125e-06,2.83019786502659e-06,4.62520668905259e-06,5.98421048053794e-06,4.79121788212194e-06,5.12628055035858e-06,3.40930527102762e-06,7.0972656693833e-06,4.43908803276927e-06,4.64026713291328e-06,6.4357847292094e-06,6.13406154260869e-06,4.0476639176247e-06,4.53792871151592e-06,5.48922884240365e-06,4.88210653923778e-06,4.921634609532e-06
9.51365692002177,3.1272162745591e-06,3.53861585864495e-06,2.5852413727248e-06,6.43365902112955e-06,3.52972604928836e-06,5.00052638588389e-06,5.29679436833818e-06,3.61475059580879e-06,4.38760111325085e-06,5.90942151504748e-06,4.72293444457176e-06,4.44507502324371e-06,4.48824501287702e-06,4.75820280311422e-06,3.80470813145565e-06,5.17030130540151e-06,3.8211352043974e-06,7.10786930334814e-06,6.50240618520448e-06,6.72744084282025e-06
10.079368399159,4.18080155715679e-06,4.49975083209074e-06,4.55674835533393e-06,4.73034954021668e-06,4.88845632632201e-06,5.34876224342006e-06,5.68708164847092e-06,4.96615726457103e-06,4.25513950961525e-06,4.44423714763516e-06,4.38746625649817e-06,5.14385210906693e-06,3.51218766449848e-06,4.81231014706957e-06,5.28275145596777e-06,3.58592972109804e-06,5.9275454272199e-06,7.04229274646711e-06,4.45817264349287e-06,5.36310557806327e-06
10.6787188333603,5.23449712604912e-06,5.01390673742199e-06,5.25860638342503e-06,5.82837020495139e-06,4.40236005028586e-06,3.30739528419276e-06,5.2311298232524e-06,4.07189383271539e-06,6.83509168058848e-06,4.3045489269739e-06,5.03460941364669e-06,4.52674879147054e-06,5.8730901250339e-06,4.79191713231422e-06,5.03581020323169e-06,5.21114233928078e-06,5.02227307142994e-06,5.0951689260051e-06,5.14226878888165e-06,4.17120371479785e-06
11.3137084989848,6.00565996653888e-06,4.01009849909798e-06,5.00598517894024e-06,4.43896055837357e-06,3.85614246970626e-06,4.79091978643783e-06,5.21676541619686e-06,4.07882960795516e-06,5.53843963862726e-06,5.49962792320766e-06,5.02986324576502e-06,3.44869610095731e-06,3.76868256474381e-06,4.52590885411839e-06,4.35327191223244e-06,4.35025662614595e-06,4.6415180769427e-06,4.98136366289172e-06,5.35359266466338e-06,4.69966636739042e-06
11.9864566150135,3.22107699598255e-06,5.1288608191042e-06,5.06146148362638e-06,5.8924118719109e-06,5.17178340701406e-06,3.87842169153341e-06,4.46031150978206e-06,4.9496399715951e-06,4.79927515689e-06,5.25237777291665e-06,6.8323385694943e-06,6.16126349839882e-06,3.86228314308173e-06,3.38689790544896e-06,3.75741667016126e-06,4.23346609134153e-06,5.62158773318935e-06,4.67756157524355e-06,4.31835201542232e-06,4.29372230037463e-06
12.6992084157456,5.74682279445927e-06,6.82805744762656e-06,5.69763017562508e-06,5.05282749899246e-06,3.45995231418821e-06,3.81999819270123e-06,4.97428768595748e-06,5.63727140851635e-06,4.95132531611636e-06,5.27156665249778e-06,5.45064371789721e-06,5.84344240495446e-06,4.77250709900019e-06,4.93089062270523e-06,4.13304779359522e-06,3.62294205894087e-06,5.15878038683449e-06,4.16318188747999e-06,5.66408861449706e-06,5.51581513219186e-06
13.4543426440594,2.71598739461983e-06,4.37687377081953e-06,5.52071850577218e-06,3.89755849025973e-06,3.17194152932848e-06,4.07554463109277e-06,4.47954086367763e-06,4.89950090539164e-06,4.89086431136504e-06,4.97874411392713e-06,5.75038020539282e-06,4.83766145706571e-06,4.0011814465373e-06,4.92176982566517e-06,5.07837579128113e-06,5.47525522586515e-06,4.10726959255123e-06,4.88581334725418e-06,4.30260575746274e-06,4.1077375779277e-06
14.2543794902454,6.42008093045543e-06,5.26951505856455e-06,4.43474235919482e-06,4.27363575610414e-06,4.29325221926789e-06,4.95151207463667e-06,4.67775122359954e-06,5.17942030262319e-06,3.68645315194327e-06,4.8065099228461e-06,5.37399525871234e-06,4.41463620177444e-06,4.90893591332615e-06,4.84518899510525e-06,4.76688633454675e-06,3.90267907357223e-06,4.04930440748545e-06,2.95870911863916e-06,4.90190291106199e-06,5.26254446840621e-06
15.1019890029071,5.42786016743216e-06,4.47186043075484e-06,3.59702730492082e-06,5.32660741214836e-06,4.58608321147836e-06,4.28121971804633e-06,4.56842396035762e-06,5.0221656727191e-06,5.42933840992408e-06,4.55712262307337e-06,4.25702013804802e-06,5.56583690307048e-06,5.24251706318548e-06,4.12283859843613e-06,5.23401086181928e-06,5.58874895467042e-06,3.75085544445609e-06,4.21189781940148e-06,5.50157778650721e-06,5.58388899214013e-06
16,3.85671273001155e-06,4.57092659484365e-06,6.34057481832507e-06,4.77565946365424e-06,4.64426253007545e-06,4.02362494162615e-06,5.1147384009778e-06,5.22898740050879e-06,4.62779434626934e-06,4.43178480524189e-06,4.17848835843792e-06,4.58257809892601e-06,5.01821721015554e-06,5.39455822018292e-06,4.99186686016333e-06,5.79176478892681e-06,5.48895656985477e-06,3.16960133623658e-06,5.59871660863066e-06,4.77134352342339e-06
16.9514095097487,4.55429997587243e-06,4.72885110955596e-06,5.07478715000286e-06,3.33331508467275e-06,5.2135629283229e-06,5.37816790515908e-06,5.12945698646222e-06,6.80812277548713e-06,4.44218401984538e-06,4.18479840568441e-06,5.26103122872211e-06,4.56653873677624e-06,3.68459179755925e-06,4.85337857158302e-06,3.10258506200354e-06,5.27488898332299e-06,5.62330982565115e-06,4.71060400113144e-06,5.18902001737524e-06,6.41816235629032e-06
17.95939277295,6.0669142748486e-06,5.0454938526131e-06,4.63943374242676e-06,5.65483768804836e-06,4.66198377432749e-06,4.68077455162282e-06,4.71898336842797e-06,5.8599538039815e-06,4.66687916980961e-06,3.96961403710692e-06,3.65322342071438e-06,4.31674942284596e-06,4.22515812200215e-06,3.40211304535984e-06,5.39337293706818e-06,4.30693609044645e-06,4.72233449092241e-06,5.0726850577516e-06,5.22399901441373e-06,4.76212362475857e-06
19.0273138400435,3.98715340395945e-06,4.88596932277924e-06,4.49557109137083e-06,4.80712600151514e-06,4.02347465992725e-06,5.16046362559595e-06,4.30678857086236e-06,4.26010192376784e-06,5.68512249297333e-06,4.8882595905372e-06,4.9344279706775e-06,5.157292843272e-06,4.61020830140182e-06,4.82974963198776e-06,3.86653828508123e-06,5.93402103575801e-06,5.14618858733449e-06,4.61484995444391e-06,4.211786157657e-06,5.40435953344056e-06
20.158736798318,5.11236088097838e-06,5.35201062071694e-06,3.94905972714061e-06,4.91918928162434e-06,4.51098302264446e-06,4.1027144652166e-06,5.15081207280112e-06,5.13496160963615e-06,4.46005135597692e-06,6.43920853395484e-06,5.1829349854523e-06,5.45424233010066e-06,4.69513087783344e-06,4.31810052550947e-06,5.47970509278815e-06,5.24287647962195e-06,4.43132942319341e-06,5.13870587978149e-06,4.34732684720712e-06,4.35961543535082e-06
21.3574376667206,3.61214298243225e-06,5.01882713925969e-06,3.91134373063975e-06,4.65417117071654e-06,3.98738386119929e-06,4.61846360879173e-06,5.32062698911475e-06,3.60786133716982e-06,3.33496055599503e-06,5.61878024130838e-06,4.10074974883898e-06,5.13391151247908e-06,4.10653040072881e-06,4.60050826372187e-06,4.77404023587606e-06,5.00228532355608e-06,5.157656517275e-06,5.09284654428082e-06,5.8308850178149e-06,4.35331575804132e-06
22.6274169979695,5.12411675184253e-06,4.90136842210648e-06,4.27287839960925e-06,5.72648916684107e-06,4.88310932648056e-06,4.0941716942118e-06,4.59618799815824e-06,4.84237769510741e-06,4.94612995222449e-06,3.52542633646459e-06,4.00391945610966e-06,4.14373548335199e-06,5.36342866574479e-06,5.49590627001072e-06,4.5024732107843e-06,4.74376296944801e-06,4.94560265833154e-06,4.77367768632727e-06,4.98622732932533e-06,4.33074069062309e-06
23.9729132300269,4.4024450608955e-06,4.49138323332597e-06,3.99008174243883e-06,4.29526812548439e-06,4.49282181860534e-06,5.66504498356869e-06,4.1623510938478e-06,6.00257246550493e-06,4.67800808009295e-06,4.79914022373017e-06,5.50218079394716e-06,5.04008124153148e-06,5.02160389177643e-06,4.6327328192522e-06,4.1650429671704e-06,4.31742509128713e-06,4.09529756309272e-06,5.26093414415764e-06,4.91096115840418e-06,4.77243668538374e-06
25.3984168314912,4.60652293785823e-06,5.80718274315591e-06,4.90958156055759e-06,5.33874101379601e-06,3.72207941795262e-06,5.09584392467693e-06,4.59483180578968e-06,5.32237751724457e-06,4.18629580759297e-06,5.18837479676432e-06,4.36992206526365e-06,5.57238398056191e-06,4.63592877937829e-06,4.41992417650138e-06,5.25694686512627e-06,5.45807817127055e-06,5.21678503243478e-06,5.60099218054688e-06,5.4367144107743e-06,5.06287767303837e-06
26.9086852881189,4.92845247329321e-06,4.83967708613027e-06,4.60949375250821e-06,4.53695534101538e-06,5.93597777106987e-06,5.29040305191608e-06,4.87071456774638e-06,5.40046284279236e-06,5.41645361051846e-06,5.35545648292222e-06,4.59142636855992e-06,4.96158383464292e-06,5.15186997919882e-06,5.0110520184854e-06,4.20825860247745e-06,4.29189863469161e-06,5.03826305873969e-06,4.64225982569188e-06,4.85691696959595e-06,3.98907158417834e-06
28.5087589804909,4.70552687972173e-06,5.08317583308206e-06,4.92085837043348e-06,5.61644145864256e-06,5.56423016490599e-06,4.46331818065208e-06,4.96913560473845e-06,4.0716058453486e-06,4.94634820916443e-06,5.60746715544717e-06,4.7720922557004e-06,4.31195962928963e-06,4.32025754362927e-06,5.13967906735203e-06,5.04384164745077e-06,5.09025737275181e-06,4.88264332534635e-06,4.45705053969328e-06,4.23503930961285e-06,4.26241765303501e-06
30.2039780058142,4.89379540023847e-06,4.96271556903365e-06,5.14337881089532e-06,4.4634192860024e-06,5.96552762654526e-06,5.58602953600075e-06,4.72845812786603e-06,3.75488681462811e-06,5.01484368118031e-06,4.92559349899484e-06,5.12709023753442e-06,4.67831511520998e-06,4.00227683768365e-06,4.74012674696238e-06,4.80981838414936e-06,5.4494831160707e-06,5.41858308815921e-06,5.0461919401051e-06,3.75246361130976e-06,4.57172856366596e-06
32,5.53001671321044e-06,4.88074723808753e-06,4.92396349867977e-06,5.16320171015331e-06,4.68189993832712e-06,4.43822273506502e-06,5.25202837608053e-06,4.95113332648655e-06,4.75300856534452e-06,4.76565189864305e-06,5.5791418531317e-06,5.38030912791556e-06,5.44341279196469e-06,4.72587478727837e-06,4.64867267625829e-06,4.59795777884789e-06,5.19579301116794e-06,4.8759373434526e-06,4.31408926646992e-06,4.23300766847586e-06
33.9028190194974,4.41303159361809e-06,5.53443530086082e-06,5.45482398024859e-06,4.84837905159074e-06,4.2690814227347e-06,4.52708857299075e-06,4.48652264188759e-06,5.65065203148351e-06,3.6012446743717e-06,4.50347505458016e-06,4.56728686612466e-06,4.61185255819568e-06,5.09604619197691e-06,4.85696730331496e-06,4.37773410560051e-06,4.07082518937521e-06,4.27075668617069e-06,5.08769343306259e-06,4.89558403814156e-06,4.4732318517145e-06
35.9187855458999,4.4340296755881e-06,5.44949160098897e-06,5.13351411645799e-06,5.2989245761982e-06,5.36657473376144e-06,5.0502084840264e-06,5.469993657559e-06,4.66442470073482e-06,4.82303260440469e-06,5.27683292578436e-06,5.66043197539807e-06,4.58125343296091e-06,4.41989838574849e-06,5.10772490128418e-06,5.01915376019341e-06,4.73714738445993e-06,5.28832843115555e-06,4.73891113261308e-06,5.48991762341982e-06,4.83800769203913e-06
38.0546276800871,4.46801961237548e-06,4.17711884763445e-06,5.13220792732918e-06,3.4818119757421e-06,6.04685429378167e-06,4.95866421458158e-06,4.69746626142557e-06,4.17153915380238e-06,4.91786592085001e-06,5.1812990547676e-06,4.82983112724261e-06,4.52196584518327e-06,4.4698964625952e-06,4.14991881648233e-06,4.87072106591344e-06,4.56430592435665e-06,5.16538507233026e-06,4.58567583669428e-06,5.3981796146842e-06,4.72200117194171e-06
40.3174735966359,5.15740449169431e-06,4.62055217823346e-06,5.0484849957013e-06,5.629515791741e-06,4.90193165937369e-06,5.09948727731636e-06,4.94189777384492e-06,4.5563261093881e-06,5.03193256262945e-06,4.7417035045263e-06,4.46985486720479e-06,4.90373776234892e-06,5.10303864113289e-06,4.52234306538773e-06,4.95853881492362e-06,4.82773995112818e-06,4.47215350376407e-06,5.61518495488564e-06,4.61625469959887e-06,4.42637046890202e-06
42.7148753334411,4.37983928694955e-06,4.26840659095113e-06,4.4079148452128e-06,4.44683165037845e-06,4.47683824747571e-06,4.71971436739742e-06,5.1725208355096e-06,4.48058617872116e-06,5.54355470161181e-06,4.7807142089297e-06,4.69690480447041e-06,5.13562891723224e-06,4.79141319901918e-06,4.07849568341466e-06,3.58977208459533e-06,4.35133613445375e-06,5.16070025538062e-06,5.01482170769386e-06,4.19599367189479e-06,4.76713306744656e-06
45.254833995939,4.75030036135623e-06,5.26834865242183e-06,5.0587464970223e-06,4.96375335654242e-06,5.21749319496927e-06,5.20725146744298e-06,4.82990765793934e-06,4.38111194019834e-06,4.71709325769937e-06,5.13974793297557e-06,4.31227729540612e-06,4.68100138326545e-06,4.936493322911e-06,4.9800850536623e-06,4.83197726594916e-06,4.32589511238113e-06,5.11140768924222e-06,4.45962090865621e-06,5.29555514373905e-06,4.6571833656754e-06
47.9458264600538,4.54216919607478e-06,5.40330732913273e-06,4.46729631170372e-06,5.25016634187398e-06,5.04484132140996e-06,4.40381676317976e-06,4.80868807093243e-06,5.05297322840661e-06,4.65374630577052e-06,4.56885629093259e-06,4.99820723902847e-06,5.00649269670849e-06,5.14786818815791e-06,4.67045405923748e-06,4.68075484253973e-06,4.67648820917022e-06,5.17018266704903e-06,5.46390594035438e-06,5.73979923611785e-06,5.28504562653345e-06
50.7968336629824,1.38061021318905e-05,1.44276518103461e-05,1.32833355969044e-05,1.31505758989371e-05,1.35294455031366e-05,1.45924470509323e-05,1.1899208314565e-05,1.44695555038296e-05,1.3952747980252e-05,1.43027827662587e-05,1.33573882608903e-05,1.41551658682275e-05,1.38780169877339e-05,1.35980237317122e-05,1.44318356194062e-05,1.40607465108029e-05,1.36404411338927e-05,1.48465343705574e-05,1.45767239452565e-05,1.44072439808193e-05
53.8173705762377,4.855702268965e-06,5.06066440567202e-06,5.42662123548539e-06,4.75698749884901e-06,4.67888832058287e-06,5.05191333333027e-06,4.7619915745261e-06,4.85483202036893e-06,4.74557693829265e-06,5.46521476047696e-06,4.66972237211154e-06,4.45190072795993e-06,4.52079513358704e-06,5.26757728231263e-06,5.08599496601166e-06,4.72844124617348e-06,4.69180084192418e-06,5.11697299035292e-06,5.74586533838184e-06,5.44585798978381e-06
57.0175179609817,4.46177076173752e-06,4.71783507706842e-06,5.02996374922062e-06,5.36334174737792e-06,4.9497324412213e-06,4.43628159966582e-06,5.56428873645306e-06,4.27091013993721e-06,4.40149124202652e-06,5.22354698905453e-06,4.36149772519209e-06,4.92344057142883e-06,5.03206431846986e-06,4.67759963747147e-06,4.41840755264486e-06,5.74820132011678e-06,5.06787079817505e-06,4.72719830456857e-06,4.77843351157028e-06,4.35364579690194e-06
60.4079560116284,4.74040802918554e-06,5.36040954723104e-06,4.45442371242733e-06,4.58067515791999e-06,4.98206847317381e-06,4.44389402151633e-06,4.49646091787957e-06,4.40771100662099e-06,4.7070956595436e-06,4.92707879293223e-06,4.41811318067781e-06,4.65901859809426e-06,4.17009920557614e-06,4.82163744673176e-06,4.72178314593394e-06,4.80662597773405e-06,4.378287085358e-06,4.56696880658287e-06,5.1317070293386e-06,4.46404628650737e-06
64,4.87895729551546e-06,4.8932487590287e-06,4.73209164171026e-06,6.03600614514959e-06,4.95572579391414e-06,4.86834553786469e-06,4.424108982613e-06,5.71332351775217e-06,4.69050022921532e-06,4.70225275893012e-06,5.43727990280487e-06,4.63254667099071e-06,4.55123040242376e-06,4.95943837968122e-06,4.5930027019647e-06,4.78078602233229e-06,5.05117054123917e-06,4.93815096872572e-06,4.93849506268727e-06,4.62823678503195e-06
67.8056380389949,4.39605825898913e-06,4.66824204184192e-06,4.75335131498905e-06,4.50883386043464e-06,4.87725881258313e-06,5.1652983490822e-06,3.91154989262386e-06,5.11360801043967e-06,4.84474250205041e-06,4.37474128500151e-06,4.50982742002113e-06,4.53861431266254e-06,4.91276271446978e-06,4.93766701030516e-06,4.86025273808393e-06,4.37289403364585e-06,4.57251921108672e-06,5.64505299705798e-06,4.94124758008326e-06,4.77223091992085e-06
71.8375710917999,4.73222465107887e-06,4.72024813084654e-06,4.65756877724064e-06,5.1517474242533e-06,4.30246752681045e-06,4.99242853122673e-06,5.61719435566805e-06,4.92789668574098e-06,4.88596191017846e-06,4.3927299264663e-06,5.08011480397083e-06,4.6163791944089e-06,4.62297298883676e-06,4.67741000380892e-06,5.11970479002469e-06,5.1572692844212e-06,5.03875775103039e-06,4.41228896458924e-06,4.5151639525305e-06,5.37173298615714e-06
76.1092553601741,4.24322231798038e-06,4.13680845809076e-06,4.4309733273252e-06,5.21939572792816e-06,5.10123959301923e-06,5.4046017241592e-06,5.19998475900206e-06,5.14059812279774e-06,4.80975685999184e-06,4.73963003742002e-06,4.58538862640831e-06,5.19909138074863e-06,4.69165200063253e-06,5.01219874528843e-06,5.08405647434188e-06,4.42208479465851e-06,4.24919340055606e-06,5.40189910200691e-06,4.6207780086296e-06,4.99598743258083e-06
80.6349471932719,4.25101487059957e-06,4.56821149290238e-06,5.11585043705965e-06,5.26377713998146e-06,4.84079187490874e-06,4.61638288267867e-06,4.84192643348049e-06,5.23184450350926e-06,4.78861834191424e-06,4.80866132304655e-06,4.71371609677318e-06,4.77144924247029e-06,5.48669439962177e-06,4.5226539080465e-06,5.02456598682934e-06,5.35572427759637e-06,4.16373315448435e-06,4.51871289607581e-06,4.70087059772598e-06,4.86864159387271e-06
85.4297506668822,4.79792329761929e-06,4.65184959856492e-06,5.00477197619208e-06,4.90826052701261e-06,4.7077153937306e-06,4.90606109519876e-06,4.65779906358427e-06,4.9555282321024e-06,4.9397938624777e-06,4.58665483328655e-06,5.17965633658597e-06,4.20982683442222e-06,4.63876050543486e-06,4.86453201095021e-06,4.97473754115225e-06,4.09246992166745e-06,4.85036855379491e-06,5.36174210271949e-06,4.82286111587435e-06,5.20327660821603e-06
90.5096679918781,4.77669654656605e-06,5.0120848306393e-06,4.48262338563152e-06,4.63797568976067e-06,5.25019729014384e-06,4.86061038273123e-06,5.08616237312611e-06,4.79808957976957e-06,5.26384252263528e-06,4.74410417744632e-06,5.27661303242897e-06,4.86441867039524e-06,5.29629637261702e-06,4.41187154858111e-06,4.98042885509532e-06,4.87448353362116e-06,4.54956011808068e-06,5.05681985503057e-06,5.13026119078286e-06,4.6941049246175e-06
95.8916529201076,5.25961313485079e-06,4.95705535250753e-06,4.86563258663753e-06,4.45087656142261e-06,4.84646771807381e-06,4.98840272889402e-06,4.49338834419883e-06,4.65683139200525e-06,5.19338552265063e-06,5.02871256983725e-06,4.47316278245168e-06,4.76172076981679e-06,5.3567923227333e-06,5.06161918055585e-06,4.51935821992559e-06,4.36498283598523e-06,5.43820091812398e-06,4.78102569345366e-06,4.60427311719754e-06,4.84914703332311e-06
101.593667325965,5.63150371677248e-06,5.94256929927687e-06,5.8402191185317e-06,6.01176411995404e-06,5.39432411398443e-06,6.15991233657789e-06,5.95032115680645e-06,5.44842969965462e-06,5.03121767408275e-06,6.25656694417071e-06,5.57034863178789e-06,5.22387861249428e-06,6.52445629716854e-06,5.78542091451223e-06,5.28766032760615e-06,5.58765746942345e-06,5.3136631243913e-06,6.39722153319484e-06,5.60305557482273e-06,5.88689881799276e-06
107.634741152475,5.07209114385434e-06,4.61439050133919e-06,4.9310345789567e-06,4.33566181077003e-06,4.62901685747105e-06,4.76214975580455e-06,4.95952399020828e-06,4.79233084884791e-06,5.32143702824439e-06,5.38064226717623e-06,5.29097467967972e-06,4.79804945174703e-06,4.2193036512934e-06,4.57174632163653e-06,5.03667655242675e-06,4.80503564419462e-06,4.53497870094945e-06,5.01335222818747e-06,5.08316490823848e-06,4.49026471611878e-06
114.035035921963,4.50637834951931e-06,5.45407129835911e-06,4.73193631654425e-06,5.17003127424558e-06,4.62973960221505e-06,4.81517320338674e-06,5.18324916681008e-06,4.57466381175494e-06,4.77328653925593e-06,4.98192304020516e-06,4.79045864211822e-06,4.64526778643285e-06,4.11460557131252e-06,4.65567261074612e-06,4.79178605230449e-06,4.81048817861021e-06,5.15502310161648e-06,4.6266079682757e-06,4.64175907806559e-06,4.58491560533077e-06
120.815912023257,4.61629196733305e-06,4.92892370942128e-06,4.51959273574683e-06,5.30431139730298e-06,4.67053252231575e-06,4.71439510143571e-06,5.3115248105545e-06,4.61660203396872e-06,4.73623727576176e-06,4.81496308173286e-06,4.86827577105835e-06,4.59475018701623e-06,4.74974689068603e-06,5.15244246778881e-06,4.86175974690932e-06,4.90814842703264e-06,5.29071757421976e-06,4.73859321886157e-06,5.19891841172476e-06,4.77309646777551e-06
128,5.1304960246787e-06,4.68352534765789e-06,4.58423225329123e-06,5.01911689775125e-06,4.4621926519894e-06,5.16480075753014e-06,5.00826421180789e-06,4.34652985755494e-06,4.91207903075352e-06,4.95355355932857e-06,4.41403319675633e-06,4.64609179215402e-06,5.1224137001821e-06,4.44579877473056e-06,5.01830991225593e-06,5.03562322792362e-06,4.65644879144268e-06,4.90138802645671e-06,4.81853286347275e-06,4.97450564569494e-06
135.61127607799,5.28773031793545e-06,4.68927243239163e-06,5.34913896420705e-06,5.36630724247788e-06,4.92163944090721e-06,4.89075290551012e-06,4.68788579036352e-06,4.66865016154355e-06,4.4052093676021e-06,4.64934788659392e-06,4.41447551895086e-06,4.92034521186501e-06,4.67384736742424e-06,4.62800689000561e-06,4.56992012301449e-06,4.78423333477981e-06,4.81871566867269e-06,4.5071146068054e-06,4.91383644657899e-06,4.98568068499464e-06
143.6751421836,4.64675647707379e-06,4.84050266523785e-06,5.06762327382495e-06,4.7916557095922e-06,5.22770066944888e-06,4.78450510160005e-06,4.93346290083454e-06,5.11014557738902e-06,5.38674902841561e-06,4.92458571215525e-06,5.06640391678285e-06,4.97021337955158e-06,5.00614712506299e-06,4.76201881263769e-06,4.48085592100476e-06,5.37879474755024e-06,5.15092002094795e-06,4.57386821730484e-06,4.66024645496166e-06,5.1181437685916e-06
152.218510720348,5.62045755663271e-06,5.64096044327951e-06,5.27102597053012e-06,6.26288597140446e-06,5.46725208979873e-06,5.71429550220626e-06,5.78995548812318e-06,5.7255096794187e-06,5.44981039071918e-06,6.07697614477754e-06,6.25673302409354e-06,5.81665482232922e-06,5.94231464611491e-06,6.1790312619009e-06,5.57757147644573e-06,5.50633490585687e-06,6.14212731977833e-06,5.76345882682285e-06,5.7697027352216e-06,6.12189232327327e-06
161.269894386544,4.53032058306309e-06,5.2486677553661e-06,5.127113114716e-06,4.99839432218514e-06,5.02745127529497e-06,4.81694711532405e-06,4.42434327072494e-06,4.69530878731784e-06,4.83766983852385e-06,4.51295960333012e-06,4.36598340686165e-06,5.17997473493107e-06,5.0350458568818e-06,4.74348723040395e-06,4.82575172000664e-06,4.92008217602549e-06,4.76048087934855e-06,4.71096243316979e-06,4.90741821704649e-06,4.98323708717758e-06
170.859501333764,4.67314814042399e-06,4.96944653821503e-06,4.85043270189718e-06,4.79406107491532e-06,4.69581939697799e-06,5.04624809035311e-06,4.91370117308495e-06,4.36162759105588e-06,4.65456255385453e-06,4.75113137088242e-06,5.07002622326717e-06,4.73701858335007e-06,5.09217007552472e-06,5.29576909014897e-06,5.00792905734156e-06,4.84499396883099e-06,4.61028484517701e-06,4.94904180240253e-06,4.84369637444909e-06,4.65117657762447e-06
181.019335983756,4.73198001521909e-06,4.51604835318645e-06,4.74358467227008e-06,4.6768510017355e-06,4.82056278305598e-06,4.82771736769904e-06,4.78798140020974e-06,4.64404186340487e-06,4.86367754478445e-06,4.96865253840342e-06,4.54456369016288e-06,4.60682452550678e-06,4.93267346815354e-06,5.04216317898282e-06,4.82454171710839e-06,5.15907142299111e-06,5.28765408474845e-06,4.76983095646764e-06,4.9095109830605e-06,4.94124457940446e-06
191.783305840215,4.90452798510333e-06,4.54265629376563e-06,4.85975424949101e-06,5.00060250949517e-06,4.86819993146985e-06,4.67319327030511e-06,5.02944746190258e-06,4.83990260565969e-06,5.08083197298071e-06,4.54459950428353e-06,5.01450834761715e-06,4.87895105637048e-06,4.99418071131096e-06,4.91115600130834e-06,4.82728104806754e-06,4.60641750837596e-06,4.99558678682418e-06,5.03675504523354e-06,4.85946042526568e-06,4.68938583770566e-06
203.18733465193,4.95421041727307e-06,5.12119347585598e-06,4.69840437208313e-06,4.82812668569e-06,4.89914260422531e-06,5.16947776224983e-06,4.85729729756397e-06,5.14695857449276e-06,5.30621245543964e-06,5.07440267550597e-06,4.79758052543787e-06,4.91020879185287e-06,4.83482447804653e-06,4.79580928051687e-06,4.53154993663297e-06,4.85159534890466e-06,4.99852347471842e-06,4.93643334930814e-06,5.16002685909768e-06,4.79657939360274e-06
215.269482304951,4.59024298679379e-06,5.12776662590143e-06,4.78036394604185e-06,4.73708889065729e-06,4.96081371097359e-06,4.64503487519558e-06,4.66454741769199e-06,4.73921561326347e-06,4.88261040594846e-06,4.78405619963786e-06,4.85294739065574e-06,4.84567953303229e-06,4.55186769957403e-06,4.61185626752433e-06,4.45895989864087e-06,4.79833418733217e-06,4.58978907233316e-06,4.7555743629923e-06,4.47861822349684e-06,5.35424469773337e-06
228.070071843927,5.025207980777e-06,4.91085654644428e-06,4.64018189930237e-06,4.75020817759019e-06,5.03141713161238e-06,4.81848938294568e-06,4.82301728295336e-06,4.7677369868033e-06,4.72784624516624e-06,4.52962180065399e-06,4.94088457169244e-06,4.90745266769052e-06,4.44468794234736e-06,4.76661009627442e-06,4.84056751155646e-06,4.69163511983893e-06,4.83078585204691e-06,4.53721129267358e-06,4.96217509080677e-06,4.87050094614684e-06
241.631824046514,4.8430660588728e-06,4.3489735458758e-06,4.78451879766396e-06,4.90147546478166e-06,4.64083995947129e-06,5.00819500498626e-06,5.09222437206073e-06,4.89501330966785e-06,5.01000335345758e-06,4.5746145982654e-06,4.65294382119084e-06,4.98662878343054e-06,4.88111100346868e-06,4.86094288702032e-06,4.70936819803651e-06,5.06321822297773e-06,4.74233241969439e-06,5.11944483086446e-06,4.49192250852834e-06,4.60416828264038e-06
256,5.23796828038009e-06,4.9133529213041e-06,4.69290388063443e-06,4.92138755100856e-06,4.98706940508479e-06,4.91766894653914e-06,4.57216941908883e-06,4.96166710710386e-06,5.0275528592225e-06,5.12070018316595e-06,4.93002279385013e-06,4.99419042971877e-06,4.61237810358849e-06,5.37213678764373e-06,4.66379101971357e-06,5.280506336113e-06,5.25028148455009e-06,4.89899151214228e-06,5.08262612417746e-06,4.78028427858666e-06
271.22255215598,4.78671124808056e-06,4.75634438167293e-06,5.06687922405947e-06,5.01127576525053e-06,4.81378380747885e-06,4.97281214862507e-06,4.73053782025837e-06,4.78024611848051e-06,4.77167441234666e-06,4.91450894313804e-06,4.87961624119337e-06,4.78162538878291e-06,5.02412951327787e-06,4.49774769609465e-06,4.75845872680726e-06,4.83271318823778e-06,4.84505632473196e-06,5.19373721889864e-06,4.8952729543781e-06,4.84463082985547e-06
287.350284367199,5.04625369854846e-06,4.65342987605432e-06,5.26539197185156e-06,5.18464425032634e-06,5.08630270449686e-06,4.97608615018703e-06,4.99932682169713e-06,4.97785757518514e-06,4.75252003970494e-06,4.93782390892992e-06,4.70187578554604e-06,4.70290375426072e-06,4.60083882952724e-06,4.75303835575144e-06,5.15446284880851e-06,4.57734502467663e-06,4.97150448497794e-06,4.99139665661505e-06,5.04271099341871e-06,4.73653313282834e-06
304.437021440697,4.80053380664235e-06,4.8329193735647e-06,4.96607558898234e-06,4.76770174150913e-06,5.15113963596047e-06,5.20683803514295e-06,4.59897496508427e-06,5.05399469299892e-06,4.74311552234941e-06,4.8093797165488e-06,4.75537315684566e-06,4.73693017121568e-06,4.82152847859669e-06,5.09169202772193e-06,4.91989202143572e-06,4.814494673114e-06,5.04605610321301e-06,4.88501247409966e-06,4.84679945917868e-06,4.92392938873677e-06
322.539788773088,4.97095786582046e-06,5.03467388000478e-06,4.79380241905819e-06,4.84088778352377e-06,4.67192364275822e-06,4.96278594031799e-06,4.88873433947205e-06,4.94693554519696e-06,4.91976080939974e-06,4.82088665929889e-06,5.06817913649139e-06,4.73656877056736e-06,4.71825630229458e-06,5.00566768876761e-06,4.95962757488472e-06,5.14025769989878e-06,5.17284440207331e-06,4.70494202513286e-06,5.37701325909444e-06,4.83347234986421e-06
341.719002667529,5.09125170946679e-06,5.36490408727871e-06,4.92533498943226e-06,4.83348289485405e-06,4.76830894409288e-06,4.76087323330351e-06,4.87046498999098e-06,4.85902845365664e-06,4.7960966003017e-06,5.20835048591619e-06,5.14254617732172e-06,4.80303078811517e-06,5.05351952788365e-06,4.86154330630923e-06,5.00723318046149e-06,5.01205280901569e-06,5.21661946453415e-06,4.59204602312239e-06,4.72530190572555e-06,5.05250258213071e-06
362.038671967512,4.83656913887947e-06,4.89531778829781e-06,4.7317940564632e-06,4.80078767186689e-06,4.87502654346509e-06,4.7596117966994e-06,4.94056012574142e-06,4.77336054041811e-06,4.96859488769925e-06,4.74611960346103e-06,4.81993864927564e-06,4.87197453676479e-06,4.85915336558701e-06,4.85670274803154e-06,4.81036768072515e-06,4.8358087266337e-06,5.04990728814316e-06,4.9710090461429e-06,4.73068845749578e-06,4.79205718570583e-06
383.566611680431,4.93422692888515e-06,4.7199632176411e-06,4.94760234098342e-06,5.0120840593198e-06,4.75409075166891e-06,4.73430935599733e-06,4.92117822968983e-06,4.7759249683717e-06,4.99787017529538e-06,4.85011206114994e-06,5.08142663190314e-06,4.83482234013878e-06,4.7687401725853e-06,4.89304361953303e-06,4.88569516072633e-06,4.73879779135052e-06,4.63938258199781e-06,4.50433380039412e-06,4.96881235371879e-06,4.8486336009612e-06
406.374669303859,4.71123602059403e-06,4.88386172706511e-06,4.65541278765957e-06,4.92904201941277e-06,4.91531138541804e-06,4.99291467300131e-06,4.67622423298972e-06,5.03082060562391e-06,4.84187699624416e-06,4.79082031431964e-06,4.72575734654217e-06,4.65992030827004e-06,4.8366583216524e-06,4.63354418738539e-06,4.71788803140987e-06,4.8655479917387e-06,5.04934715485837e-06,4.83462175299489e-06,5.05156606478341e-06,5.01315489115081e-06
430.538964609902,4.82318769769465e-06,4.94860648893842e-06,5.11153558093628e-06,4.81626583200163e-06,5.03952358385e-06,4.82741484070859e-06,4.80660729231225e-06,4.83113896869725e-06,4.69415462614946e-06,4.76515560305226e-06,4.79100887475801e-06,4.87063094819503e-06,4.6888420346668e-06,4.92070078095971e-06,5.08403477016281e-06,4.93697123074003e-06,4.82088969298322e-06,4.81222590640387e-06,4.80348804927229e-06,4.69960172176959e-06
456.140143687854,4.96566870277432e-06,4.8375303740725e-06,4.72346911688842e-06,4.99972088667074e-06,5.03294868611191e-06,4.86776523144009e-06,4.74883611198689e-06,4.90145091704464e-06,4.82845195520869e-06,4.91846695885957e-06,5.13607659208349e-06,4.76597092969224e-06,5.0294347511637e-06,4.95462839432666e-06,4.8681419683247e-06,4.78007576317127e-06,4.90144046710908e-06,4.90015635393799e-06,4.92046535363373e-06,4.77114731988321e-06
483.263648093027,5.11138025284405e-06,4.90154111509195e-06,4.87762343165421e-06,4.92632675678228e-06,5.02500095836064e-06,4.83129519643745e-06,4.72245640587594e-06,5.01469190559628e-06,4.77123812429531e-06,4.95312894915563e-06,4.64174305997212e-06,4.81835143537878e-06,4.98261358651606e-06,4.59616806738182e-06,4.88560057578589e-06,5.03936915582205e-06,4.85514871462294e-06,4.88024114587231e-06,4.78891119235715e-06,5.04478768667355e-06
512,4.81556352298133e-06,5.04759039032795e-06,4.72282192123488e-06,5.01312468823927e-06,4.8759537471243e-06,4.89413528627818e-06,5.01262573442441e-06,4.84513095225034e-06,4.99009188894195e-06,4.61410397488083e-06,4.91024500361563e-06,4.83187707319782e-06,4.8758078166935e-06,4.81199577357744e-06,5.12094832847629e-06,4.7623592527499e-06,4.89820805388824e-06,4.8230018915684e-06,4.98102451129355e-06,4.67291655566603e-06
542.445104311959,4.69562019473083e-06,5.01585420427596e-06,4.87621604742673e-06,4.70254288698529e-06,4.75918045282188e-06,4.62505756238523e-06,4.87904542958317e-06,4.98994051990313e-06,5.0289998988486e-06,4.70077657072176e-06,5.01151510409033e-06,4.81499475256905e-06,4.63250092018687e-06,4.86442069793658e-06,4.65226991029513e-06,4.82853640393563e-06,4.89606488910443e-06,4.79865582678255e-06,4.90226240180225e-06,4.7243595774344e-06
574.700568734399,4.85384133559997e-06,4.67431401099946e-06,4.81139850671512e-06,4.90129798260723e-06,4.97226321290316e-06,4.86569357682249e-06,4.82653741288944e-06,4.72816498839477e-06,4.86259232238002e-06,4.68640154520504e-06,5.00272573218134e-06,4.60578835655769e-06,4.96948578738541e-06,4.8674381182142e-06,4.7828753480111e-06,4.9473725461959e-06,5.00654323448014e-06,4.84452061361368e-06,4.82638960803611e-06,4.93524188630389e-06
608.874042881393,4.5775959135799e-06,4.70578905907086e-06,5.04630298389793e-06,4.50908725383454e-06,4.97156290358344e-06,4.81343563429037e-06,4.86801637359477e-06,4.82513714822861e-06,4.70346951509153e-06,4.75215041984404e-06,5.02479767473053e-06,4.905860497598e-06,4.86353519413856e-06,4.81805196081074e-06,4.87290932872704e-06,4.88022243490425e-06,5.00751858879467e-06,4.76615752586391e-06,4.77605178872018e-06,4.82402879549587e-06
645.079577546175,4.87501907448995e-06,4.96261870205324e-06,4.76218829766318e-06,4.84844054554341e-06,4.75540807619525e-06,5.12147836664234e-06,4.9348667431063e-06,4.76426587921078e-06,4.69214903229949e-06,4.9116043798593e-06,5.05092202917381e-06,4.59803970255434e-06,4.92354973010617e-06,5.06406756527129e-06,4.93854257561591e-06,5.01517526198276e-06,4.97994298765901e-06,5.05862316251774e-06,5.00990939030627e-06,4.87287978339023e-06
683.438005335057,4.9011200230941e-06,4.80467250021416e-06,4.92540572719184e-06,4.7856433562102e-06,4.76314285969842e-06,4.71076442151559e-06,4.89613089652618e-06,4.94258480351795e-06,4.83501610811628e-06,4.94612709447988e-06,4.88277043538794e-06,4.65106949541424e-06,4.99381168671573e-06,4.82398150967466e-06,4.8720811530952e-06,4.66863923868255e-06,4.77568117409086e-06,4.71174281246416e-06,4.77296717396969e-06,4.88845516258739e-06
724.077343935025,4.93732391217738e-06,5.02580317279612e-06,4.87984372245435e-06,4.7580419819725e-06,4.80080474203845e-06,4.82410874674668e-06,4.80674863952062e-06,4.9205040906112e-06,4.63617828058897e-06,4.88187744134613e-06,4.8563164436859e-06,4.72488395895032e-06,4.93293878337139e-06,4.93010939586996e-06,4.74225991893371e-06,4.74143748043393e-06,4.64350020789518e-06,4.9009081792447e-06,4.88168052743146e-06,4.86883907012606e-06
767.133223360861,4.79924100175465e-06,4.87992236575811e-06,4.91438064531981e-06,5.06487123925034e-06,4.78304825838659e-06,4.63915151571816e-06,4.87563985195997e-06,4.7690856989965e-06,4.84920566742744e-06,4.77731988619785e-06,4.78514185065816e-06,4.82941994979363e-06,4.87417513670144e-06,4.87156179387536e-06,4.77501788266439e-06,4.9862717203395e-06,4.94543773496047e-06,4.83875908136685e-06,4.66462813273082e-06,4.94457987750041e-06
812.749338607718,4.71213658098083e-06,4.88930710580421e-06,4.81363901582531e-06,4.84745546268762e-06,4.63449557872631e-06,4.93832444754566e-06,4.83678066931056e-06,4.85155746939798e-06,4.87045119140089e-06,4.87599817070319e-06,4.67419848490477e-06,4.94270179078629e-06,4.78681908573387e-06,4.99747275839023e-06,4.77433998340815e-06,4.88964397486387e-06,4.67048096325763e-06,4.88509622557692e-06,4.98669546903267e-06,5.01873974579773e-06
861.077929219804,4.78345629790803e-06,4.97208413961213e-06,4.82229252817921e-06,4.85556509502089e-06,4.69517434984194e-06,4.90029030025383e-06,4.84552741056885e-06,4.91752320502238e-06,4.84118289347002e-06,4.84793578571916e-06,4.74575555657516e-06,4.87085143401249e-06,4.69482794612406e-06,4.88266344625862e-06,4.85018822556346e-06,4.80194987106258e-06,5.02694737704731e-06,4.80403548793524e-06,4.89999747874947e-06,5.26558713205921e-06
912.280287375708,4.84142328489268e-06,4.78009505282351e-06,4.83149177719156e-06,4.810946061927e-06,4.83483251098708e-06,4.90203518786146e-06,5.0686288117576e-06,5.12778261758268e-06,4.97039836659033e-06,4.70957704279077e-06,4.73245893736326e-06,4.72323328447123e-06,4.81089015810316e-06,5.07057868589926e-06,4.79957546998933e-06,4.93491190560969e-06,4.87993111876989e-06,4.8556239197715e-06,4.88822785719282e-06,4.78639489627725e-06
966.527296186054,4.85136338072588e-06,4.95239076765345e-06,4.752787869473e-06,4.81823646405509e-06,4.91505001414331e-06,4.89562517643741e-06,4.86759462595459e-06,4.84852584919266e-06,4.77315028797018e-06,4.89553039085701e-06,4.79724323878926e-06,4.64383387111163e-06,4.87817962379847e-06,4.81895832183901e-06,4.86497518788868e-06,4.87818656163755e-06,4.95001313152932e-06,4.86431814846027e-06,4.73890156926466e-06,4.82237879928175e-06
1024,4.8932111967262e-06,4.95290055413211e-06,4.87554257709503e-06,4.92688033897193e-06,4.89460941926291e-06,4.92399476454056e-06,4.91849391073254e-06,4.87523612348071e-06,4.88260335235491e-06,4.85478679585145e-06,4.93274583035248e-06,4.96558050103272e-06,4.71907696287409e-06,4.83735668806842e-06,4.60194915420123e-06,4.79934841641044e-06,4.74909070055795e-06,4.74526528661914e-06,4.83668341804342e-06,4.88146311985385e-06
1084.89020862392,4.89240862071138e-06,4.80562868421966e-06,4.84808373666265e-06,4.80904683649062e-06,4.95103620736131e-06,4.80443559552202e-06,4.77345514031412e-06,4.70094874111939e-06,4.84578216532369e-06,4.74370220631709e-06,4.88697074471181e-06,4.80411887093837e-06,4.7078820677024e-06,4.84413176640898e-06,4.66388659370979e-06,4.76067112454125e-06,4.75724029253665e-06,4.91209634700804e-06,4.71792144228269e-06,4.86668936770509e-06
1149.4011374688,4.85060587263677e-06,4.90719597554414e-06,4.92956430646604e-06,4.87848075640408e-06,4.92945529550415e-06,4.98986609694919e-06,4.93956334059819e-06,5.08895917209275e-06,5.01869324314895e-06,4.8437340032007e-06,4.77303408350883e-06,4.84865475798153e-06,4.86174990365322e-06,5.00792233496746e-06,4.84595989484816e-06,4.99330752096532e-06,4.8969763429105e-06,4.97881825279865e-06,4.67030699923246e-06,4.92579968950069e-06
1217.74808576279,4.80534720904906e-06,4.84700086344342e-06,4.78672090433975e-06,4.92483844802012e-06,4.82041226303996e-06,4.95551587915842e-06,4.95458830732418e-06,4.89506821043996e-06,4.84433290804585e-06,4.81510403889288e-06,4.80110211610891e-06,4.78860286582226e-06,4.78775396119751e-06,4.76776499024272e-06,4.88390182417879e-06,4.7564674490751e-06,4.96523390279234e-06,4.85581788290386e-06,4.83163542244196e-06,4.92789409215127e-06
1290.15915509235,4.76354554698111e-06,4.83762883377602e-06,5.03317868863114e-06,4.83772833167551e-06,4.76154052261794e-06,4.77585414644223e-06,4.71563705955696e-06,4.97206941687819e-06,4.77572763099043e-06,4.86416537452312e-06,4.77622158367884e-06,4.75498536333849e-06,4.95601154394903e-06,4.77759755374519e-06,4.83964417796443e-06,4.77287280792278e-06,4.84875983634968e-06,4.80914129276553e-06,4.84120796375069e-06,4.8151543870325e-06
1366.87601067011,4.8566554557685e-06,4.81110623712349e-06,5.00321614931019e-06,4.83569041940263e-06,4.80250336538178e-06,4.77746231725513e-06,4.95284154316244e-06,4.77240337178932e-06,4.79295701599608e-06,4.83305557063666e-06,4.93213452650439e-06,4.77968367873182e-06,4.80962416556886e-06,4.8414337465044e-06,4.69113185921935e-06,4.92590283518885e-06,4.92293113360988e-06,4.8090059096515e-06,4.84217403653581e-06,4.81066408539955e-06
1448.15468787005,4.86071939268574e-06,4.7676262727401e-06,4.75171994984799e-06,4.97115211802975e-06,4.8367726949333e-06,4.86388855764774e-06,4.93102155766223e-06,4.89857385621181e-06,4.75698614134438e-06,4.92517242401972e-06,4.9483631066083e-06,4.84594373580477e-06,5.00218426576944e-06,4.84616932409731e-06,4.89603126104503e-06,4.96898114001567e-06,4.93642667258554e-06,4.8615886386279e-06,4.99720252513688e-06,4.95720595798459e-06
1534.26644672172,4.92413291210322e-06,4.7754257744072e-06,4.75599795416655e-06,4.88990059392361e-06,4.86430264531907e-06,4.81102537931751e-06,4.9335888618641e-06,4.90581352981246e-06,4.84526049884468e-06,4.84903419148055e-06,4.94386539049735e-06,4.956913245084e-06,4.89894128508442e-06,4.90158422128933e-06,4.86095664852461e-06,4.77872917737895e-06,4.87180171504733e-06,5.00507613765489e-06,4.86691934774328e-06,4.79549105376315e-06
1625.49867721544,4.8500313197366e-06,4.77535014579378e-06,4.87635989660814e-06,4.93698888370443e-06,4.91677243997588e-06,4.81967473983099e-06,4.7598558575544e-06,4.80709794834809e-06,4.85463475670841e-06,4.74591165130284e-06,4.80080775651393e-06,4.71432173644158e-06,4.914535572658e-06,4.82068461993993e-06,4.92125693845813e-06,4.86635591761486e-06,4.88215342139951e-06,4.95094483655256e-06,4.77719525414386e-06,4.77781371469701e-06
1722.15585843961,4.87168062219059e-06,4.91586163086568e-06,4.82776539490382e-06,4.88534259566253e-06,4.88334000956452e-06,4.92270873065862e-06,4.75597622892934e-06,4.92334710271306e-06,4.83163751989901e-06,4.86230977625337e-06,4.80646573150757e-06,4.75596073543875e-06,4.86703133946294e-06,4.69618790833329e-06,4.8709501144153e-06,4.74076650065704e-06,4.91236739400118e-06,4.78009539734543e-06,4.83974619017858e-06,4.80913024935035e-06
1824.56057475142,4.97752992029205e-06,4.88019968557956e-06,4.79340073036509e-06,4.87448040106329e-06,4.96371188438491e-06,4.76987045960905e-06,4.80296237403785e-06,4.84777851884713e-06,4.93696876773992e-06,4.88332045939046e-06,4.93713294885807e-06,4.8283080826813e-06,4.80610311092286e-06,4.92196351444799e-06,4.86303824474564e-06,4.83904290384546e-06,4.91515702413024e-06,4.79379198470807e-06,4.65507598885345e-06,4.88512313377256e-06
1933.05459237211,4.85423201445431e-06,4.77693913550441e-06,4.82085033263379e-06,4.90563273703682e-06,4.84182991981193e-06,4.75420476860463e-06,4.84000333509837e-06,4.91886964084361e-06,4.80478697286754e-06,4.8193641565917e-06,4.84942114612872e-06,4.9021634737749e-06,4.82397664236366e-06,4.82502373351857e-06,4.86864109640298e-06,4.98871641558253e-06,4.85980039538851e-06,4.84839520162763e-06,4.97808550891827e-06,4.64889086368279e-06
2048,4.90896881087861e-06,4.76408175138637e-06,4.92152174507872e-06,4.80912361210504e-06,4.8741122542317e-06,4.77844368549512e-06,4.88881106962918e-06,4.82135071101113e-06,4.87747153981701e-06,4.7594561703825e-06,4.80536076715952e-06,4.873907134357e-06,4.78834627196265e-06,4.74882053147236e-06,4.77809563900004e-06,4.93082740994416e-06,4.83746295300386e-06,4.84650477173524e-06,4.74073981693323e-06,4.76849885443066e-06
2169.78041724784,4.80070478805454e-06,4.9313964954721e-06,4.76513890015167e-06,4.85215597656382e-06,4.79314882733268e-06,4.99043488689913e-06,4.85523544888765e-06,4.76004582409279e-06,4.78202528802031e-06,4.80251044742478e-06,4.77577305164376e-06,4.8814146923272e-06,4.77064361679886e-06,4.94483160057732e-06,4.75574986382634e-06,4.75901330638761e-06,4.8669369143001e-06,4.75454544319493e-06,4.98042829642729e-06,4.85762739469249e-06
2298.8022749376,4.82979507391784e-06,4.729044577204e-06,4.84941361918554e-06,4.7832900039417e-06,4.87361650122141e-06,4.80654891051394e-06,4.84427099353614e-06,4.79019601629155e-06,4.75649800426804e-06,4.71338384842848e-06,4.91519907838927e-06,4.7871874239231e-06,4.82667112249489e-06,4.74015761673139e-06,4.8059990428466e-06,4.78865581626081e-06,4.82281889723631e-06,4.93776966969687e-06,4.71530146932127e-06,4.81577123540536e-06
2435.49617152557,4.85320976212039e-06,4.71889608448967e-06,4.79571378503072e-06,4.85239137056297e-06,4.80777958690718e-06,4.82931166415933e-06,4.87954386817585e-06,4.90678210778996e-06,4.90219575238819e-06,4.90475156512214e-06,4.77505202481787e-06,4.76288055013818e-06,4.82002880184258e-06,4.86318633860757e-06,4.77500541171197e-06,4.82363057986305e-06,4.74295668709959e-06,4.94520185884375e-06,4.81686150395342e-06,4.88780017044541e-06
2580.3183101847,4.8435616717974e-06,4.81715587860583e-06,4.83746862298526e-06,4.76737405354174e-06,4.87676507517291e-06,4.81979290512496e-06,4.81123272221411e-06,4.84270048997414e-06,4.86070589278765e-06,4.83108525410499e-06,4.73379469743453e-06,4.86721886270472e-06,4.92363219688507e-06,4.78896822370707e-06,4.93772192803053e-06,4.88809846880668e-06,4.84623675264573e-06,4.86259622288567e-06,4.74263103820229e-06,4.84793275291039e-06
2733.75202134023,6.04379183553408e-06,5.9741096832771e-06,5.97830948138248e-06,6.04945364230149e-06,6.00552683558821e-06,6.02274760171192e-06,6.04149913045173e-06,5.96242402890773e-06,6.07497285049327e-06,6.06215180234259e-06,5.94481680979762e-06,5.11872855248578e-06,5.08861447695341e-06,5.98925381189132e-06,5.96084189719773e-06,6.04656678506881e-06,6.07614607705116e-06,5.97202597320481e-06,6.07481594039293e-06,5.98617490777562e-06
2896.3093757401,4.82984525982711e-06,4.74544540464471e-06,4.8292388637013e-06,4.885260610518e-06,4.88302712421548e-06,4.76441522088119e-06,4.88398605439639e-06,4.78668602192482e-06,4.82092459377632e-06,4.90921049000596e-06,4.85192755734476e-06,5.65536602957577e-06,5.7049722826228e-06,4.81324799228351e-06,4.88100295220898e-06,4.88848297329355e-06,4.81364501299186e-06,4.83701130212493e-06,4.82540399505453e-06,4.85037413837518e-06
3068.53289344344,5.61159795245135e-06,5.62771323906995e-06,5.47220145346875e-06,5.5859320355196e-06,5.49633910602145e-06,5.58179952494711e-06,5.5646238482301e-06,5.53716957149251e-06,5.61381996081173e-06,5.60452077122205e-06,5.54995668861552e-06,5.57908575085129e-06,5.55572115409213e-06,5.41789479788524e-06,5.58787482619165e-06,5.4787417972629e-06,5.5961136554653e-06,5.51624067681836e-06,5.48075828492929e-06,5.58957374753667e-06
3250.99735443087,4.84902967624158e-06,4.8425073486816e-06,4.77717034276359e-06,4.8870103404185e-06,4.85910734906908e-06,4.87004959687701e-06,4.91090967542378e-06,4.80096014577834e-06,4.84096766214342e-06,4.76158897271402e-06,4.78526954991233e-06,4.80668870233835e-06,4.81313014263676e-06,4.72732971550008e-06,4.93927884746106e-06,4.83926594037308e-06,4.76038773033156e-06,4.78175617270961e-06,4.92164926411331e-06,4.77687835626348e-06
3444.31171687922,4.87966711606941e-06,4.79251036355427e-06,4.88147440375498e-06,4.69739118239306e-06,4.8012468624606e-06,4.88941426584859e-06,4.79574928845189e-06,4.77931586185107e-06,4.88897982056788e-06,4.78111488655501e-06,4.8091411499541e-06,4.71131177051833e-06,4.68017022875689e-06,4.71196035274226e-06,4.67945994292761e-06,4.78747029244542e-06,4.80333213004421e-06,4.82449611992802e-06,4.73725391552287e-06,4.74835414742492e-06
3649.12114950283,4.82009742716824e-06,4.78287809145028e-06,4.8586030201844e-06,4.74740548346388e-06,4.86313141995663e-06,4.74531833810321e-06,4.7160564469797e-06,4.75964221753968e-06,4.82762235642415e-06,4.73991594502942e-06,4.79125609122422e-06,4.80342483882278e-06,4.7621992441471e-06,4.79304519861946e-06,4.7446366790657e-06,4.83332086330597e-06,4.85343611767872e-06,4.87042679931153e-06,4.78954489193976e-06,4.79406444850779e-06
3866.10918474421,4.66155753578756e-06,4.85009069837803e-06,4.76408838645713e-06,4.79914463487033e-06,4.74279158226352e-06,4.86745409570468e-06,4.77900349387472e-06,4.84094633659674e-06,4.80267610361488e-06,4.72855336140397e-06,4.70900857464514e-06,4.8657468920233e-06,4.76344839211497e-06,4.75949492409922e-06,4.73154370075228e-06,4.67405566510444e-06,4.80239105144007e-06,4.7477752201175e-06,4.78346245757584e-06,4.75421997505251e-06
4096,4.74286583994551e-06,4.79592481253366e-06,4.71250484388695e-06,4.76376234884592e-06,4.76126584663014e-06,4.78296951241076e-06,4.70532764918786e-06,4.73224693190661e-06,4.76134119234053e-06,4.76448677375688e-06,4.76267684137517e-06,4.77283768935814e-06,4.69484139309301e-06,4.81800758655761e-06,4.78632430806282e-06,4.78487173547599e-06,4.80484206455328e-06,4.83314210308824e-06,4.7141331788443e-06,4.7768162481935e-06
4339.56083449568,4.75804898475039e-06,4.86786954944439e-06,4.81013556326121e-06,4.77970548385419e-06,4.7506706764661e-06,4.77678891086143e-06,4.79595192717787e-06,4.76189403679832e-06,4.79856658902788e-06,4.80671384534465e-06,4.74976947015663e-06,4.68469908257608e-06,4.81721345480725e-06,4.71112289079793e-06,4.72210535370418e-06,4.72796370841358e-06,4.79968299334745e-06,4.76721066150155e-06,4.85332396622273e-06,4.76671251048901e-06
4597.60454987519,4.74181265634502e-06,4.75529983850315e-06,4.84273661236571e-06,4.70548752752519e-06,4.79151385920754e-06,4.74776340028185e-06,4.72756216784455e-06,4.82445349275139e-06,4.77353842090507e-06,4.69966076434888e-06,4.75787083268764e-06,4.72889703404435e-06,4.72607950936013e-06,4.72710102698639e-06,4.74877997558373e-06,4.75223199846318e-06,4.72051360013779e-06,4.77405502874499e-06,4.73145266430756e-06,4.86101435588947e-06
4870.99234305115,4.67491712040299e-06,4.68406486469874e-06,4.79643245173153e-06,4.68341863118422e-06,4.7610608524e-06,4.76075399079483e-06,4.70648684598309e-06,4.73280058968215e-06,4.69547177516287e-06,4.69554395633848e-06,4.73169211463266e-06,4.7244803893137e-06,4.6586187660634e-06,4.74830652458782e-06,4.78759891307417e-06,4.69766029813234e-06,4.76374330509371e-06,4.7807733999655e-06,4.68848806748202e-06,4.74651948289522e-06
5160.6366203694,4.70661296154472e-06,4.75741910325929e-06,4.7376614113462e-06,4.69048211186533e-06,4.70005541779193e-06,4.70876931843704e-06,4.67926790066436e-06,4.74927873747796e-06,4.76261173000498e-06,4.66122131814641e-06,4.73558606399715e-06,4.65998474394406e-06,4.61824119729382e-06,4.69998947725784e-06,4.69000624976024e-06,4.73246479888452e-06,4.68352313707073e-06,4.68896481955069e-06,4.65269054581338e-06,4.70612849453973e-06
5467.50404268046,4.74336414572181e-06,4.64420064256927e-06,4.70463551600697e-06,4.7359476751152e-06,4.65678923148592e-06,4.73734001335765e-06,4.70159062076204e-06,4.67673587532309e-06,4.71710334081565e-06,4.6327156076322e-06,4.6389220792582e-06,4.73102862779016e-06,4.70817755663475e-06,4.66398198714191e-06,4.67246187249466e-06,4.67389679735942e-06,4.67801633102596e-06,4.69303016981895e-06,4.67224047288161e-06,4.6647165183046e-06
5792.6187514802,4.71899431099156e-06,4.68427894070874e-06,4.7516606966272e-06,4.61199224221387e-06,4.70101036988048e-06,4.68002653560939e-06,4.68739030472477e-06,4.66202449446651e-06,4.73297726006006e-06,4.68113928636209e-06,4.69083511906152e-06,4.64338635127485e-06,4.65022223302036e-06,4.5783244149465e-06,4.66504288203573e-06,4.66189558182124e-06,4.69485216329152e-06,4.69157395203315e-06,4.67665384280238e-06,4.73540640485679e-06
6137.06578688689,4.68257116143666e-06,4.69595691260855e-06,4.68002237996133e-06,4.62066410836302e-06,4.59427091379723e-06,4.70243329607872e-06,4.69263256308321e-06,4.67390249310483e-06,4.6304048764131e-06,4.61702335310919e-06,4.66932949184162e-06,4.69240106988886e-06,4.61730110566032e-06,4.73294309557662e-06,4.59535550812462e-06,4.66727470704265e-06,4.61711248221428e-06,4.70607628381135e-06,4.77935414721595e-06,4.76648880046697e-06
6501.99470886174,4.60681577078799e-06,4.65818987277e-06,4.60497690731954e-06,4.70385344224763e-06,4.61662348148413e-06,4.70859218004559e-06,4.602479838916e-06,4.66680779535696e-06,4.68093413430222e-06,4.65688069289396e-06,4.68597375467103e-06,4.63221653304278e-06,4.61415718814204e-06,4.6368653689692e-06,4.67282799277191e-06,4.70517455653324e-06,4.6539949497527e-06,4.67811682232314e-06,4.60605469048294e-06,4.60545151547033e-06
6888.62343375843,4.58895732939493e-06,4.61129133799821e-06,4.62095619099629e-06,4.61218856171542e-06,4.61342424919826e-06,4.63247383235782e-06,4.58158624899751e-06,4.52443163666955e-06,4.60747633176029e-06,4.59248617924779e-06,4.57503574899166e-06,4.59026331568847e-06,4.66555886404991e-06,4.58515043699293e-06,4.65877538651473e-06,4.58209350070677e-06,4.61136290040757e-06,4.65286407936643e-06,4.6405121729523e-06,4.57015765294303e-06
7298.24229900566,4.61808065065621e-06,4.56414765654488e-06,4.62054453238241e-06,4.61687825087295e-06,4.56839790448223e-06,4.59538674772386e-06,4.56824677807107e-06,4.58487445588149e-06,4.57897872908407e-06,4.63043285992192e-06,4.59892280562903e-06,4.63363991554066e-06,4.54061826713614e-06,4.61615036179236e-06,4.52694871780403e-06,4.60943161861605e-06,4.56303859463966e-06,4.6056252828636e-06,4.64320033267522e-06,4.58369854637712e-06
7732.21836948843,4.59942988181255e-06,4.57741552292044e-06,4.57060222711809e-06,4.57439512318389e-06,4.51116602348184e-06,4.60380565437066e-06,4.59361979789276e-06,4.57376381942267e-06,4.58147535011848e-06,4.54791750914203e-06,4.59377800055739e-06,4.5722264057554e-06,4.53066990012375e-06,4.58913746025329e-06,4.56570377640531e-06,4.53328443354363e-06,4.53040507980108e-06,4.5833840801851e-06,4.55622233999734e-06,4.56007021389607e-06
8192,4.55992628730626e-06,4.57837355382763e-06,4.55442128267196e-06,4.60780657199597e-06,4.53471458812701e-06,4.53803619228113e-06,4.58038878100173e-06,4.59023900976702e-06,4.50797566859064e-06,4.59282762815164e-06,4.51511849042357e-06,4.60182290629455e-06,4.58745925693716e-06,4.57616411443762e-06,4.55912919496943e-06,4.56277319564862e-06,4.54997260949399e-06,4.59710972789199e-06,4.60094320141429e-06,4.58605885707849e-06
8679.12166899135,4.46234774656529e-06,4.50906365578128e-06,4.52328221257861e-06,4.49164902272427e-06,4.52378598977997e-06,4.49354444240372e-06,4.50223843566266e-06,4.50028621674954e-06,4.49183438774826e-06,4.52195607130275e-06,4.48091667664417e-06,4.5154654310025e-06,4.53622553588404e-06,4.50354630679106e-06,4.49903020519544e-06,4.49308289644551e-06,4.48809404175938e-06,4.5410619580201e-06,4.53564935916355e-06,4.50192970090255e-06
9195.20909975038,4.46526868294716e-06,4.44204806929278e-06,4.422478255266e-06,4.52313165644971e-06,4.48250156600671e-06,4.45152591190438e-06,4.47609978822664e-06,4.49862519878139e-06,4.45722330783631e-06,4.49498337622296e-06,4.42735627199124e-06,4.53005891867129e-06,4.44922259043041e-06,4.49580787482723e-06,4.47250143427076e-06,4.46934073640433e-06,4.46152606462954e-06,4.52919887969213e-06,4.46196007542987e-06,4.54040951828281e-06
9741.98468610229,4.48166495628893e-06,4.44790849525973e-06,4.43497753908729e-06,4.47567671429157e-06,4.50553187144633e-06,4.51673204940304e-06,4.4890106829979e-06,4.48933551042844e-06,4.5055776704465e-06,4.48114681530967e-06,4.44946928954574e-06,4.47893145438914e-06,4.48786958138562e-06,4.44672905498722e-06,4.43924980927558e-06,4.49396344466929e-06,4.51340184186805e-06,4.49529742845946e-06,4.528024075337e-06,4.43940672681636e-06
10321.2732407388,4.39562004498593e-06,4.39821187542793e-06,4.45328858878616e-06,4.43710172724868e-06,4.43268396606225e-06,4.43144051867528e-06,4.43164805459638e-06,4.46748657693605e-06,4.3945195606001e-06,4.44562093963432e-06,4.42161155879221e-06,4.3937415178224e-06,4.37500405342331e-06,4.41832995193011e-06,4.37289135995032e-06,4.4364165272921e-06,4.40020717183763e-06,4.40243961056575e-06,4.36052035437554e-06,4.38712998595473e-06
10935.0080853609,4.38932130466383e-06,4.36889784894652e-06,4.32721538818357e-06,4.39753711496416e-06,4.45742625540188e-06,4.38850424577335e-06,4.38417267972028e-06,4.35903995904871e-06,4.34204412570227e-06,4.40527982233699e-06,4.37226310978166e-06,4.44154016263834e-06,4.40202933273617e-06,4.3975469096661e-06,4.39453681761917e-06,4.3789710629781e-06,4.37268468654952e-06,4.37618554321681e-06,4.34861650435266e-06,4.35093770949986e-06
11585.2375029604,4.36153652634126e-06,4.31966511200655e-06,4.34749240090757e-06,4.3540065081489e-06,4.34428763096894e-06,4.36084660438214e-06,4.34694256153844e-06,4.33648437181832e-06,4.37219784185028e-06,4.29783443448318e-06,4.33688016247897e-06,4.35453271877621e-06,4.33528374842587e-06,4.31818200641118e-06,4.34008761694929e-06,4.34659836541978e-06,4.32260695487695e-06,4.33816728117579e-06,4.32596373806482e-06,4.36190671138706e-06
12274.1315737738,4.35967444359049e-06,4.34142185844654e-06,4.34966623551617e-06,4.31612287651669e-06,4.36341878090453e-06,4.33636157818638e-06,4.33329144765361e-06,4.34911663165764e-06,4.28580713695997e-06,4.37254837847995e-06,4.30471537499355e-06,4.31805450419624e-06,4.33811961617683e-06,4.33806670109281e-06,4.31687848060541e-06,4.31194363999596e-06,4.31917477154098e-06,4.30417865521978e-06,4.32343803193405e-06,4.31727658136587e-06
13003.9894177235,4.25968232869623e-06,4.27700232914318e-06,4.30202551692985e-06,4.27524678536793e-06,4.31707896568702e-06,4.32006357651569e-06,4.29146290047629e-06,4.31747639371429e-06,4.27898562112704e-06,4.27829836700199e-06,4.29250051207039e-06,4.31516499512301e-06,4.30068152855536e-06,4.29928595823353e-06,4.26543976892901e-06,4.30790540780987e-06,4.31760144647571e-06,4.28384853995873e-06,4.30306547831032e-06,4.27941888402164e-06
13777.2468675169,4.26509031487695e-06,4.32000161824116e-06,4.275971493129e-06,4.29312919908354e-06,4.25998129151106e-06,4.2600371509477e-06,4.29149895026018e-06,4.31649273705008e-06,4.28986732766963e-06,4.26606406610124e-06,4.25612534762041e-06,4.28436684432352e-06,4.29758385412151e-06,4.32763486998208e-06,4.27168326847078e-06,4.31385219584045e-06,4.28915670765253e-06,4.2681586464363e-06,4.26977425301766e-06,4.29757744144304e-06
14596.4845980113,4.28529449790312e-06,4.26778147797e-06,4.26984542966505e-06,4.31091399566388e-06,4.26096983649599e-06,4.29590474480039e-06,4.27283266807307e-06,4.25591279284799e-06,4.29371173970224e-06,4.31882214473535e-06,4.24022072804877e-06,4.23304180509139e-06,4.25671286236193e-06,4.26771651805747e-06,4.26561156955039e-06,4.27970402386494e-06,4.270517022868e-06,4.31986692974998e-06,4.26371467534766e-06,4.29474610017307e-06
15464.4367389769,4.30847560806957e-06,4.29628680794719e-06,4.27900365145943e-06,4.26591646860407e-06,4.319384601031e-06,4.25480528488042e-06,4.29688351300822e-06,4.29330968021529e-06,4.30777674017737e-06,4.28867177102901e-06,4.28388710040287e-06,4.2832763067455e-06,4.30759337236403e-06,4.28392413557768e-06,4.26233660198793e-06,4.28812828369088e-06,4.34630205923832e-06,4.27870160591017e-06,4.27620080518736e-06,4.31811818401917e-06
16384,4.34163423428751e-06,4.3264395271809e-06,4.33669539858284e-06,4.30786553211159e-06,4.32563787573903e-06,4.33747528277733e-06,4.29464762968327e-06,4.34120214794421e-06,4.35631607934409e-06,4.29959450462962e-06,4.31782828529759e-06,4.29108649231309e-06,4.32281190453685e-06,4.29647692121475e-06,4.31285401906866e-06,4.32583309289964e-06,4.29297787831624e-06,4.31650060418081e-06,4.26649426340882e-06,4.34608329385198e-06
17358.2433379827,4.35668451920606e-06,4.37067828007962e-06,4.36024337639616e-06,4.34964597489911e-06,4.39316807335133e-06,4.40134817956693e-06,4.37470748044663e-06,4.37368500759021e-06,4.36455238256641e-06,4.39810023707054e-06,4.36010006002605e-06,4.36648250467922e-06,4.37397767317396e-06,4.35588906339424e-06,4.35111810688513e-06,4.35188388605168e-06,4.39955419109012e-06,4.38990550054997e-06,4.37603753271374e-06,4.34875549142636e-06
18390.4181995008,4.44502341461456e-06,4.39679238697039e-06,4.39782583092912e-06,4.40358272574627e-06,4.46086653214908e-06,4.44533244447443e-06,4.4572538501795e-06,4.45230258949722e-06,4.38879363967045e-06,4.44623938677928e-06,4.43525073311875e-06,4.43842995263814e-06,4.41527921780386e-06,4.40408601209435e-06,4.4590172051072e-06,4.39689909862183e-06,4.41747924687408e-06,4.40461337278888e-06,4.39475701423159e-06,4.38894287147429e-06
19483.9693722046,4.89958498945239e-06,4.89535764268748e-06,4.93463139805967e-06,4.91484131604247e-06,4.87761782151194e-06,4.92238344125934e-06,4.9330808687304e-06,4.94199056627134e-06,4.92414985879689e-06,4.93299231645003e-06,4.93218805756497e-06,4.91677407902112e-06,4.95624507595075e-06,4.94304225758449e-06,4.93538959413106e-06,4.91101907494802e-06,4.93469248815386e-06,4.91781124458919e-06,4.89535774074982e-06,4.90800806738355e-06
20642.5464814776,4.52750220316286e-06,4.54455698581823e-06,4.54199202005944e-06,4.54068828447957e-06,4.52362012835182e-06,4.54317654596676e-06,4.53850488753658e-06,4.53039613847989e-06,4.54746587118417e-06,4.55708763417605e-06,4.50950236027314e-06,4.58582785129755e-06,4.56199621187542e-06,4.53984931414374e-06,4.55477990624497e-06,4.52472358905389e-06,4.52532450192387e-06,4.50960026327492e-06,4.5394434571134e-06,4.52927533769834e-06
21870.0161707218,4.29678544888878e-06,4.27335499197477e-06,4.28768205965088e-06,4.2843527913899e-06,4.28963171622088e-06,4.26565216670907e-06,4.32026704017168e-06,4.29187709620799e-06,4.28461761889852e-06,4.28403485326745e-06,4.29083121214301e-06,4.32811639480138e-06,4.30305740137023e-06,4.27220509159324e-06,4.28440281274144e-06,4.29052782184155e-06,4.26415091510894e-06,4.27869633248059e-06,4.25392240406036e-06,4.32353270836607e-06
23170.4750059208,3.53228542153149e-06,3.50442627326166e-06,3.50755994584255e-06,3.51945562761213e-06,3.49997831489402e-06,3.48948242975793e-06,3.4822011953244e-06,3.52628992744198e-06,3.48794542386846e-06,3.49998583253708e-06,3.51159382804559e-06,3.50052409625634e-06,3.51628021372055e-06,3.47537691585857e-06,3.49294492407975e-06,3.49422819056408e-06,3.51297693964448e-06,3.5051711338152e-06,3.50655310138093e-06,3.51515910553474e-06
