Frequency_Hz,Average_Input_ASD_nV_per_sqrtHz
1.05555555555556,97.0938638213289
1.11111111111111,82.4017031483393
1.16666666666667,68.3593452143226
1.22222222222222,81.4237022058223
1.27777777777778,86.6899340099882
1.33333333333333,76.3223072857857
1.38888888888889,53.1920700741111
1.44444444444444,48.9920673631629
1.5,60.338172949149
1.55555555555556,67.0878030668825
1.61111111111111,70.2891398642207
1.66666666666667,65.1919125940431
1.72222222222222,77.4940378299492
1.77777777777778,92.5878951398763
1.83333333333333,73.761301152188
1.88888888888889,77.9513636762058
1.94444444444444,95.7216893785049
2,113.453959995437
2.05555555555556,61.3945736727702
2.11111111111111,52.9979564838935
2.16666666666667,45.8367641379468
2.22222222222222,49.131910657179
2.27777777777778,47.5550040944598
2.33333333333333,50.7015745551358
2.38888888888889,65.9499624117214
2.44444444444444,75.6039030449767
2.5,80.0843155535147
2.55555555555555,80.4213373158907
2.61111111111111,84.2943416718295
2.66666666666667,73.428091414951
2.72222222222222,63.4175819785879
2.77777777777778,60.8052427472298
2.83333333333333,45.9742510625631
2.88888888888889,44.2806095986713
2.94444444444444,64.455324348585
3,64.2207734124807
3.05555555555555,52.6121776998113
3.11111111111111,44.2498993963568
3.16666666666667,48.3837600262241
3.22222222222222,62.7057885837926
3.27777777777778,51.8943533903114
3.33333333333333,46.8911312885343
3.38888888888889,55.4903414514073
3.44444444444444,57.8100906238744
3.5,47.074648126603
3.55555555555555,55.2184579693149
3.61111111111111,54.6533861702975
3.66666666666667,59.9994850989088
3.72222222222222,50.6541110193864
3.77777777777778,43.9244910131843
3.83333333333333,54.5766698129128
3.88888888888889,71.3858033385716
3.94444444444444,50.5183970257779
4,47.3908321808085
4.05555555555555,43.4682557203946
4.11111111111111,45.7438269901858
4.16666666666667,36.8345255487946
4.22222222222222,36.8127671640492
4.27777777777778,53.4100285429833
4.33333333333333,60.0279495848001
4.38888888888889,46.8492945284803
4.44444444444444,39.5566338537845
4.5,37.4111074769326
4.55555555555555,41.3040657309581
4.61111111111111,43.3335966899815
4.66666666666667,46.0289699244654
4.72222222222222,39.4395058744826
4.77777777777778,30.7284241562539
4.83333333333333,35.1062194663659
4.88888888888889,34.1646910264975
4.94444444444444,51.0238604755173
5,69.6589242655372
5.05555555555556,43.4480775421548
5.11111111111111,41.814832470588
5.16666666666667,54.2613769783809
5.22222222222222,49.6396848781267
5.27777777777778,42.5298134892353
5.33333333333333,49.6107672192954
5.38888888888889,35.6599404279303
5.44444444444444,38.8245931058481
5.5,27.6807027829643
5.55555555555555,24.1409486836424
5.61111111111111,37.366864860274
5.66666666666667,44.2373499559482
5.72222222222222,40.4547824921113
5.77777777777778,37.7795313519511
5.83333333333333,47.6988949534088
5.88888888888889,41.729036943439
5.94444444444444,40.7831422668757
6,56.9342457275914
6.05555555555556,34.8478391792037
6.11111111111111,27.0811848566355
6.16666666666667,32.2578714450455
6.22222222222222,28.4342982829782
6.27777777777778,32.9308965411816
6.33333333333333,37.8294685527219
6.38888888888889,37.9875149124414
6.44444444444444,22.6982240314632
6.5,23.8241720698644
6.55555555555555,36.3379969885639
6.61111111111111,38.8491534338131
6.66666666666667,32.4436544290333
6.72222222222222,22.653593107309
6.77777777777778,28.3884063587498
6.83333333333333,26.9336975046759
6.88888888888889,23.8160009182668
6.94444444444444,37.8608893691758
7,58.2140284395895
7.05555555555555,41.2451517935684
7.11111111111111,30.7192606603165
7.16666666666667,42.8988099419855
7.22222222222222,37.0642616138008
7.27777777777778,30.1214650731933
7.33333333333333,37.8950214793215
7.38888888888889,31.0992360080179
7.44444444444444,29.6233753473378
7.5,26.8108110895981
7.55555555555555,28.5956915108636
7.61111111111111,39.8168963882256
7.66666666666666,42.9133175683378
7.72222222222222,44.1419348404613
7.77777777777778,41.8641923114943
7.83333333333333,26.2656213428222
7.88888888888889,34.0396293618861
7.94444444444444,40.4275866258249
8,44.1335088141075
8.05555555555556,32.5056058756873
8.11111111111111,33.309396492984
8.16666666666667,33.828696145683
8.22222222222222,35.4285184169487
8.27777777777778,35.8460719401676
8.33333333333333,39.6820194435832
8.38888888888889,27.8938710411582
8.44444444444444,34.8987536491078
8.5,41.24283301684
8.55555555555555,31.3487418873694
8.61111111111111,28.3823163066481
8.66666666666666,29.9965398421101
8.72222222222222,25.8901784080873
8.77777777777778,30.8334879720514
8.83333333333333,31.2782120438398
8.88888888888889,33.3887987514618
8.94444444444444,33.2842251101397
9,36.9952463052873
9.05555555555555,28.7394792717177
9.11111111111111,19.809697318208
9.16666666666666,26.1829413934785
9.22222222222222,34.6558072941199
9.27777777777778,27.6835976557781
9.33333333333333,30.6792828769567
9.38888888888889,33.0467520953842
9.44444444444444,31.467060465809
9.5,45.2623995436917
9.55555555555555,43.2238017308747
9.61111111111111,34.4382247026909
9.66666666666666,40.8185166142157
9.72222222222222,37.7857672089709
9.77777777777778,26.2992585701158
9.83333333333333,29.3897429991306
9.88888888888889,37.2148341325743
9.94444444444444,44.4841402849421
10,57.2133884388171
10.0555555555556,41.2897825768507
10.1111111111111,39.6645576526717
10.1666666666667,40.0848826765698
10.2222222222222,29.978655245894
10.2777777777778,22.4416318258735
10.3333333333333,26.9792441249505
10.3888888888889,22.8667722449488
10.4444444444444,24.7824582926629
10.5,29.5514316075281
10.5555555555556,28.1260739642058
10.6111111111111,33.6000097969626
10.6666666666667,42.8399971695906
10.7222222222222,33.7155395037275
10.7777777777778,36.6626405835993
10.8333333333333,35.033967109359
10.8888888888889,30.0060621717286
10.9444444444444,32.1006878206063
11,50.513984695832
11.0555555555556,33.50276936408
11.1111111111111,23.5161756934654
11.1666666666667,26.8774084220303
11.2222222222222,26.6667462881594
11.2777777777778,26.9875581003264
11.3333333333333,28.4163695353975
11.3888888888889,22.3629039059348
11.4444444444444,20.1224388336912
11.5,24.0859973907372
11.5555555555556,24.4953224541785
11.6111111111111,26.9743340221952
11.6666666666667,31.7343180374817
11.7222222222222,34.3057870984636
11.7777777777778,32.2621664889733
11.8333333333333,29.6514908629803
11.8888888888889,31.553284037204
11.9444444444444,30.2892324544357
12,33.3221458309753
12.0555555555556,24.0238571849111
12.1111111111111,25.2718231837733
12.1666666666667,28.5611222389944
12.2222222222222,25.8298144847785
12.2777777777778,25.0494040677785
12.3333333333333,33.1795951782747
12.3888888888889,35.6189344519696
12.4444444444444,34.8687321862187
12.5,28.9148419464126
12.5555555555556,20.6998670383912
12.6111111111111,23.3650096385745
12.6666666666667,32.5540238924243
12.7222222222222,28.0447717891563
12.7777777777778,29.0214522560045
12.8333333333333,24.9420068174336
12.8888888888889,23.0977751598012
12.9444444444444,28.9416326625518
13,38.9301104093179
13.0555555555556,38.0204923072521
13.1111111111111,34.6635761199471
13.1666666666667,28.1298330131545
13.2222222222222,29.0629114982029
13.2777777777778,24.7597501632754
13.3333333333333,33.3839160969837
13.3888888888889,27.4783031062119
13.4444444444444,23.3574964877249
13.5,24.0477325900631
13.5555555555556,31.5418820191161
13.6111111111111,31.3373909701619
13.6666666666667,27.0117762462408
13.7222222222222,28.1178682382816
13.7777777777778,30.3096346587499
13.8333333333333,30.5560270365408
13.8888888888889,26.3579193755866
13.9444444444444,24.3775524743193
14,27.0814674492372
14.0555555555556,20.2868160542043
14.1111111111111,15.405029763538
14.1666666666667,26.6437844426773
14.2222222222222,23.625815301801
14.2777777777778,21.540673624019
14.3333333333333,31.7079702679639
14.3888888888889,29.4579815075752
14.4444444444444,30.2045847585627
14.5,31.0179721436528
14.5555555555556,25.0656465724006
14.6111111111111,33.8672458303651
14.6666666666667,40.1488496865107
14.7222222222222,33.2683792309948
14.7777777777778,33.4684298159504
14.8333333333333,35.7780633739398
14.8888888888889,29.2128997243532
14.9444444444444,27.7976223850495
15,39.3711833881142
15.0555555555556,34.7961538410939
15.1111111111111,26.8721556450542
15.1666666666667,26.7092415047487
15.2222222222222,30.5082348713154
15.2777777777778,35.1558905065864
15.3333333333333,34.7887157072847
15.3888888888889,24.0687933772466
15.4444444444444,28.3061697326195
15.5,47.0144143826144
15.5555555555556,39.7398887418112
15.6111111111111,21.2125470145581
15.6666666666667,19.347334265136
15.7222222222222,27.8489849009724
15.7777777777778,31.2381558728186
15.8333333333333,29.5017119971098
15.8888888888889,33.6928639081301
15.9444444444444,32.6816882979
16,41.6478221725178
16.0555555555556,30.9422331185695
16.1111111111111,30.732395901192
16.1666666666667,29.1498143588771
16.2222222222222,21.3528641383549
16.2777777777778,20.9111576985645
16.3333333333333,21.5603843755951
16.3888888888889,24.973550496809
16.4444444444444,23.5784061932082
16.5,21.7108556740613
16.5555555555556,18.9570279281085
16.6111111111111,22.1711044699965
16.6666666666667,18.6423567235755
16.7222222222222,18.6812303308626
16.7777777777778,21.3116904936622
16.8333333333333,28.7613289556521
16.8888888888889,27.4579891518216
16.9444444444444,26.9287510399114
17,35.0413208207706
17.0555555555556,31.0895385085101
17.1111111111111,30.9084685633392
17.1666666666667,24.8734193094818
17.2222222222222,13.2677362156888
17.2777777777778,19.4970870229157
17.3333333333333,23.4512220658909
17.4166445153146,33.4889161076605
17.5,27.1807975993629
17.5555555555556,24.5134917409863
17.6111111111111,28.7663318431605
17.6666666666667,29.7687319141026
17.7222222222222,21.4192280165698
17.7777777777778,20.0506249346988
17.8333333333333,20.1951406794193
17.8888888888889,22.8544030492204
17.9444444444444,26.2522732978173
18,24.6075126937848
18.0555555555556,25.3381673415629
18.1388676195213,18.0529490800449
18.2222222222222,18.3792646068331
18.2777777777778,17.8248352057085
18.3333333333333,23.5959885388935
18.3888888888889,25.5020228370568
18.4444444444444,16.5800601902381
18.5,17.1783696836102
18.5555555555556,23.4967143143929
18.6111111111111,32.0931062125413
18.6944238071539,23.9444173174637
18.7777777777778,16.7227727825969
18.8333333333333,22.3942610244836
18.8888888888889,21.3935732652455
18.9444444444444,24.7101883377242
19,30.7986008591344
19.0555555555556,28.0235017538039
19.1388687308392,22.6668173717954
19.2222222222222,17.1531611631468
19.2777777777778,14.2204828142432
19.3333333333333,21.7508469713429
19.3888888888889,25.399274154629
19.4722024092465,22.9785317130496
19.5555555555556,19.7571731794556
19.6111111111111,22.6942054881894
19.6666666666667,22.0470415814349
19.7222222222222,22.1587230620526
19.7777777777778,22.0863270294483
19.8610916860822,21.6111565040742
19.9444444444444,38.6417023182827
20,68.4213093195407
20.0555555555556,40.6116393892062
20.1388697317917,24.0342993114786
20.2222222222222,23.2798871748452
20.2777777777778,28.6205081779914
20.3333333333333,32.4403445336894
20.4166477702104,28.0552419351348
20.5,27.4744700053019
20.5555555555556,21.9546881987731
20.6111111111111,21.6305751830526
20.6944258016322,16.8437261045741
20.7777777777778,20.5932330595967
20.8333333333333,23.8601474553163
20.8888888888889,24.2088913818965
20.9722038263348,31.2976586921911
21.0555555555556,29.1560071928106
21.1111111111111,20.3365394823005
21.1666666666667,15.2295838716532
21.2499818445819,24.2842322965381
21.3333333333333,38.1736931019078
21.3888888888889,26.5433471061434
21.4722042547,18.763089341797
21.5555555555556,14.7430017589101
21.6111111111111,20.9408095921424
21.6944266609687,26.4399064200502
21.7777777777778,23.1554567407815
21.8333333333333,19.633688096647
21.9166490635051,20.9040981957482
22,27.5398489966245
22.0555555555555,25.2370114381658
22.1388714624217,16.5086324037234
22.2222222222222,18.0247130302947
22.2777777777778,18.5520239152037
22.3610938578263,19.7866929420307
22.4444444444444,21.8902126010113
22.5,17.8706601681016
22.5833162498227,23.0807477636904
22.6666666666667,25.6785955708837
22.7222222222222,22.7926412948165
22.8055386385104,21.0289011184659
22.8888888888889,20.989550514004
22.9722054279127,25.7397318771729
23.0555555555556,19.5620272578305
23.1111111111111,20.2680894058628
23.1944278110386,18.2465962916605
23.2777777777778,26.4746713921205
23.3610945963741,27.4674775181386
23.4444444444444,21.9128168138323
23.5277613800284,18.9864669206605
23.6111111111111,19.0974868470455
23.6666666666667,18.9880981731011
23.74998375568,21.14040200253
23.8333333333333,22.7447591638897
23.9166505355475,21.7612474585814
24,27.7875049958722
24.0833173138483,24.3397930161464
24.1666666666667,21.7654263454149
24.2499840906146,23.5724592327934
24.3333333333333,20.5123235066104
24.4166508658778,25.831414029738
24.5,20.672018429446
24.5833176396686,24.3377672494414
24.6666666666667,23.8021256532188
24.7499844120165,22.4883301531991
24.8333333333333,20.9231245474624
24.9166511829507,23.5389759391385
25,22.0209012970222
25.0833179524993,17.1573471362974
25.1666666666667,20.5454313092548
25.2499847206897,28.4403066615377
25.3333333333333,18.3949078340796
25.4166514875486,22.2632864401472
25.5,20.5925385701108
25.5833182531021,18.6938569445653
25.6666666666667,22.6936478913767
25.7499850173755,19.7476760854464
25.8610961928588,23.703652959045
25.9444444444444,22.2610750284413
26.0277629550533,24.5806032214466
26.1111111111111,20.4487958255404
26.1944297160321,16.2681244348617
26.3055408893541,25.3261406473367
26.3888888888889,26.4069970473196
26.4722076483579,19.18446744431
26.5555555555556,20.4190662718919
26.6388744062062,20.1064300184233
26.7499855774739,20.0610529435045
26.8333333333333,17.6001561681579
26.9166523334442,20.6436673497105
27.0277635034791,27.1508828947308
27.1111111111111,21.9481133595066
27.1944302576288,25.1561519601586
27.2777777777778,26.2051707804272
27.3610970107127,23.6765476378471
27.4722081788527,21.4346832958375
27.5555555555555,19.2945895266501
27.6388749302031,19.8045954964386
27.7499860972048,23.7541068573926
27.8610972637608,18.6111485938779
27.9444444444444,18.4421795198743
28.0277640127705,19.7564055235666
28.1388751782351,14.6850629673369
28.2222222222222,21.7272799327395
28.3055419256319,23.0000514577502
28.4166530900369,18.7927636076267
28.5277642540269,20.7578327952075
28.6111111111111,22.8569339104716
28.6944309992439,22.1541026067908
28.805542162217,19.1983082930071
28.9166533247914,16.6922697596458
29,23.118006687313
29.0833200679159,33.0473644298145
29.1944312295139,19.7699834571092
29.305542390729,28.8066209721593
29.3888888888889,21.5669668245288
29.4722091318433,23.1089225979087
29.5833202921202,20.3736264209307
29.6944314520292,26.7897247302906
29.8055426115743,35.1579924966652
29.8888888888889,52.2566646793808
29.9722093502186,31.1333136155043
30.0833205088718,26.4748541829352
30.194431667175,21.6750276028173
30.3055428251323,23.7402913021162
30.4166539827472,19.5976000733922
30.5,17.4973407498928
30.5833207185361,22.2243861411552
30.6944318753116,25.5485414379333
30.8055430317578,23.161563324941
30.9166541878781,23.5377937381759
31.027765343676,27.1564019282014
31.138876499155,23.7396424715113
31.2499876543186,14.6030777802433
31.3333333333333,17.4024590923146
31.4166543864796,20.6725289751798
31.5277655408689,21.2751453769693
31.6388766949542,22.2096830050991
31.7499878487388,17.090242131678
31.8610990022257,21.4223880688216
31.9722101554181,45.4682451403066
32.0833213083191,28.9075821209521
32.1944324609315,17.8732041189344
32.3055436132585,19.9966577340089
32.416654765303,14.6837562298802
32.5277659170678,16.4328665072292
32.6388770685558,20.9876565514083
32.7499882197698,22.8696495250966
32.8610993707127,22.3051677900389
32.972210521387,25.5261417613847
33.0833216717957,18.9099188662522
33.1944328219412,18.0222292405764
33.3055439718264,31.5199378986043
33.4166551214536,22.3810916027282
33.5277662708256,20.6690134211415
33.6388774199448,18.0040559993504
33.7499885688138,21.8365236640006
33.861099717435,18.6896719957786
33.9722108658107,20.9684154491271
34.0833220139436,17.8022525831031
34.1944331618358,19.8412264138353
34.3055443094898,22.0662327164263
34.4166554569079,23.3090609155976
34.5555257829921,14.1853405730883
34.6944333244355,13.9001719104629
34.8055444710455,16.6139187039722
34.9166556174295,24.421019111287
35.0277667635898,20.2842491785578
35.1388779095284,16.9083543728588
35.2499890552474,18.0134638037885
35.361100200749,20.7499678108778
35.4999710195092,21.2899973498487
35.6388780635646,18.9291611793464
35.7499892083209,22.2994196058164
35.8611003528687,21.0425821287196
35.9722114972099,26.9581403505188
36.1110826210601,21.3941587569835
36.2499893571717,19.2515118458508
36.3611005008048,19.7826195185375
36.4722116442398,24.3315022529381
36.5833227874784,29.8462906627086
36.7221942062878,15.3806398440367
36.8611006447276,20.1036858275496
36.972211787293,18.1736164681427
37.0833229296698,20.9337778523573
37.2221945826218,23.3036736187158
37.3611007847982,27.8596207443069
37.4722119265285,24.6476819156143
37.5833230680778,24.0089945091953
37.7221949489794,17.2814506606367
37.8611009211692,15.6261505997041
37.9722120620973,16.6310172724401
38.111084116167,20.1881523132581
38.2499899136596,18.4702272810146
38.3611010539853,23.8966132087275
38.4999732777325,15.897983950647
38.6388789040645,17.4171787111785
38.749990043806,18.5941479118126
38.8888624338444,20.1451660336912
39.0277678924463,20.8373686418684
39.1388790316209,17.4026400340716
39.2777515846648,23.1985649144656
39.416656878865,19.1664528660881
39.5555295463832,19.8999224950782
39.6944347251368,16.5571824061142
39.8055458633779,22.7017810283355
39.9444186884911,27.4515092108273
40.0833237083226,23.5131842056452
40.2221966441417,17.2451279067843
40.3611015523427,16.1587502498454
40.4999745973523,18.5537890374796
40.6388793954572,18.9411811825613
40.7777525481729,22.0705829430383
40.9166572376847,22.7205711728471
41.0555304966519,21.6880964623811
41.1944350790429,18.7294574912665
41.3333084428364,22.8398427299166
41.4722129195494,17.9326537631312
41.6110863867726,26.2828819384144
41.7499907592213,18.3296124338256
41.8888643285051,20.7477619126362
42.0277685980749,21.4616357320039
42.1666422680774,19.2046326078263
42.3055464361265,17.384185186182
42.444420205532,19.0226928674202
42.6110869670055,24.5320712962923
42.7499909753799,17.2324090987226
42.8888649011572,18.8759465724833
43.0277688114186,14.4429299038911
43.1666428332963,20.6247134410162
43.3333095916299,22.45868059739
43.4722133475319,19.4777287484113
43.6110875206289,21.4251880494718
43.7777542771071,15.6975596517301
43.9166578817898,21.2430207601002
44.0555322030608,22.0715286017228
44.2221989577395,17.425875636596
44.3611024142481,16.0990916029962
44.4999768807389,18.2146940572187
44.6666436336715,19.9418768251167
44.8333103859628,18.2425019221004
44.9722136435377,23.7043981489048
45.1110883050423,18.5064408657487
45.2777550556578,22.8259149644978
45.4444218056575,21.2860513438531
45.5833248696586,16.6576441626476
45.7221997209736,17.4290346120522
45.888866469364,18.6024598464715
46.0555332171629,17.5070400309255
46.1944360927366,18.4198035761979
46.333311128864,19.5254283084888
46.4999778751167,15.1090756318368
46.6666446208009,22.3055279902602
46.8333113659226,21.1497473480971
46.999978110488,20.5137509302316
47.1666448545028,19.5252111007085
47.3055474000124,17.4714705361206
47.4444227599866,17.2494160611756
47.6110895025616,19.4854274507917
47.777756244607,18.8823729167798
47.9444229861283,22.8095480110174
48.111089727131,22.8430122708446
48.2777564676205,18.7863962909292
48.444423207602,20.992821185455
48.6110899470807,18.6660468602433
48.7777566860619,18.5724633417408
48.9444234245506,19.0238368936035
49.1110901625518,16.859104811323
49.2777569000705,18.4728517393456
49.4444236371115,19.5398719658594
49.6110903736797,24.0077916296859
49.7777571097798,29.4510090206368
49.9444238454165,631.28779303867
50.1110905805944,388.081589017843
50.277757315318,31.9347455956368
50.444424049592,23.5952819624675
50.6110907834207,20.9615204711408
50.7777575168085,14.6010838565282
50.9444242497597,18.2928164827167
51.1110909822787,19.3350402991143
51.2777577143696,16.2754981543846
51.4444244460365,18.4995568770934
51.6388515330515,18.8327132934382
51.8333134849672,16.5909797294189
51.9999802152504,17.0103135326301
52.1666469451272,15.37673153444
52.3333136746014,18.2380667520142
52.4999804036768,18.678469011157
52.6944078369065,22.656692373798
52.8888694366564,15.937047513931
53.0555361644296,23.2961387502372
53.2222028918201,20.0531772810501
53.4166305540832,24.477396825879
53.6110919209296,18.9375469530367
53.77775864707,16.2225531406425
53.9444253728429,14.9862372698348
54.1388532580543,16.2131218247746
54.3333143982362,17.0327614778793
54.4999811228084,15.8440580690617
54.6944091755285,15.159291187319
54.8888701454427,21.1781658327337
55.0555368688504,15.375948905086
55.2499650857242,18.7951767879886
55.4444258888084,17.0599809602968
55.6110926110865,19.536663554052
55.8055209888589,18.2482633595972
55.9999816284478,18.8064913381746
56.194410116964,19.0345029110728
56.3888706440371,23.548343178709
56.5555373644706,23.034616891153
56.7499660085698,18.8401683464314
56.9444263775913,18.8414366589635
57.1388551288056,19.8812199064452
57.3333153890268,19.7673659424295
57.5277442459137,16.9556431515554
57.722204398811,19.4383078736461
57.9166333599568,24.5497414496072
58.1110934069771,25.8541144751476
58.3055224709965,22.8918692144855
58.4999824135573,22.218833672495
58.6944115790924,21.3003411788201
58.9166339252765,25.6529625675989
59.1110937064833,21.2741660374927
59.3055230288633,21.9111295830953
59.499982709128,24.7274699927772
59.6944121296528,34.9037971751406
59.916634471726,55.861649729826
60.1110939960244,48.3170919721228
60.3055235682287,34.1371984000407
60.5277459078897,31.5268525676512
60.7222052793826,19.9477651157856
60.9166350002345,20.0479216501376
61.1388573375553,24.818679760888
61.3610796740423,18.7847831750811
61.5555388420867,20.4217457179052
61.7499687609157,21.1614917230729
61.9721910951563,25.4530375867027
62.1944134285963,22.3645938165189
62.3888723986633,28.9340558544586
62.5833025102159,23.8764410801233
62.8055248414985,23.3719556107727
63.0277471720118,22.5347227532491
63.2499695017643,21.1967349401965
63.4721918307639,19.7072853330219
63.6666505073968,16.8737046398072
63.8610809047249,35.0274276435263
64.0833032316941,60.236927342888
64.3055255579394,20.7982231073332
64.5277478834682,17.4540641743535
64.7499702082879,19.1326183455476
64.9721925324058,20.2814121115359
65.194414855829,18.2669611479805
65.4166371785647,15.5983630845048
65.6388595006197,15.2551488169304
65.8610818220011,14.6500797090435
66.0833041427157,17.9502746491881
66.30552646277,17.0151567446969
66.5277487821707,18.4336468245764
66.7499711009244,16.4876374418909
66.9721934190375,22.6434236788621
67.1944157365162,16.5366243184418
67.4166380533671,15.5521447410158
67.6388603695961,18.0843454731645
67.8610826852095,18.8045106985585
68.1110657965924,19.6302455663686
68.3610828931196,17.3792559645177
68.5833052067732,18.6128625838446
68.8055275198362,20.431413853667
69.0277498323144,16.5579819707698
69.2499721442132,25.6314721116083
69.4999555910486,17.6585764894935
69.7499723438965,18.807982791456
69.9721946539508,14.2112199759458
70.194416963449,15.611280939693
70.4444006308821,16.4668929597072
70.6944171578138,13.8898715584382
70.9166394655406,18.2049693154739
71.1666232977391,15.1487410613373
71.4166396559804,18.1530253300166
71.6388619619892,14.6002099517684
71.8888459556621,15.8794295583615
72.1388621486217,15.8154608122934
72.3610844529638,17.3223271409171
72.6110686049178,15.4794153934102
72.8610846359021,17.9759972224774
73.1110688956141,18.3655674800353
73.3610848163467,15.7853229374157
73.6110691823613,17.2163242810085
73.8610849943483,19.0689709386321
74.1110694652392,13.6334544858393
74.3610851699561,16.3732906168131
74.6110697443259,21.6848353610118
74.8610853432181,14.8003712499589
75.1110700196969,14.7639436820528
75.361085514181,15.1652434795668
75.6110702914259,17.0197686033533
75.8888482186171,14.5086696900102
76.138863553438,12.7098625500963
76.3888484848229,13.5618807570422
76.6666264089923,15.1233852144737
76.9166415874069,16.8526823492017
77.1666266698415,14.7459665788736
77.4444045910801,15.0550318634556
77.6944196162465,14.4602973379102
77.9444048467328,16.3028741473581
78.2221827651276,17.9092827182188
78.4999606825273,16.2063164021827
78.7499755045964,18.3649552069299
78.9999609313723,15.2454482782269
79.2777388460411,15.1405434776579
79.5555167597538,15.0569007896581
79.8332946725206,16.1785547735256
80.1110725843513,18.5270564532053
80.3610871068013,14.8635060638323
80.6110728233184,16.9157587023972
80.8888507325791,17.7725169287386
81.1666286409399,14.6404976416742
81.4444065484099,14.3445059613239
81.7221844549984,17.9493119110947
81.9999623607139,15.5054253041537
82.2777402655658,13.2835860066198
82.5555181695625,16.8786576769287
82.8332960727126,15.2615314611957
83.1110739750246,16.6728635419945
83.388851876507,12.5585930159997
83.666629777168,14.5150679605331
83.9444076770157,17.271121270238
84.249946575284,15.3055758111463
84.5555190538575,17.2503574175961
84.8332969511564,15.643748031604
85.1110748476751,14.8086723905618
85.3888527434212,20.0834616394812
85.6666306384024,14.8999060014388
85.9721698677283,14.4720681366002
86.2777420047043,15.5256761794944
86.5555198972866,14.5377749680243
86.8332977891344,16.7680871218911
87.1388372353488,14.5411754946151
87.4444091486487,14.9643610498846
87.7221870381929,13.0262465008648
88.0277266458267,14.0579772675615
88.3332983927157,16.7898784371492
88.6110762800254,13.684481922909
88.9166160458761,15.1507663764441
89.2221876297058,13.4447693786021
89.5277275025221,15.2730422639452
89.8332989761403,20.4123609705788
90.1388389544829,25.9058450691509
90.4444103193949,16.452436749183
90.7499504018531,15.4997618973824
91.0555216595333,13.5179445277906
91.3610618447248,15.0326156211159
91.6666329966182,15.3835996121171
91.9721732831877,12.1326212154146
92.2777443307099,14.1012634845036
92.5832847173292,14.62198816173
92.9166182250699,14.3005207312394
93.2221891140104,14.8287281706364
93.5277296526992,14.3697067105807
93.8610631569415,15.1039151243775
94.1943966599743,14.7509939372893
94.4999673394599,15.2853311570021
94.8055080791017,14.504378262043
95.1388415787761,12.7820419074227
95.472175077289,15.8841531311741
95.7777455529646,13.1204594165037
96.0832864882527,18.8342917432059
96.4166199835397,12.8787197346123
96.7499534777108,14.0186650331997
97.0832869707776,14.1312945410782
97.4166204627511,14.2300608187729
97.7499539536428,14.4083993006155
98.0832874434635,14.3061720900011
98.4166209322242,15.1754810361359
98.7499544199356,16.4626712637448
99.0832879066082,14.7881178636933
99.4166213922526,17.6823875322981
99.7499548768791,18.9426243813087
100.083288360498,78.6053377360088
100.416621843119,17.1174249891977
100.749955324752,15.6849239434072
101.083288805407,13.9668059120767
101.416622285093,17.8772470656724
101.777717127563,14.3529836395653
102.138844821137,14.2749106619845
102.472178297819,13.8116053025333
102.805511773572,15.3292969081695
103.166606832961,12.2526784263674
103.527734301223,12.664229058012
103.86106777409,14.4096095256221
104.222162994509,12.0376009574172
104.583290295586,15.3190796753462
104.916623765656,15.3489331259101
105.277719143905,13.3762795690769
105.63884628118,13.4247361832472
105.972179748535,14.4768364009008
106.333275281512,13.6085796387296
106.694402258265,14.5362995284628
107.055497895366,11.713452019869
107.416624764129,12.8971025933904
107.777720503971,16.5938905249413
108.166609598775,13.2818147741873
108.52773630424,12.5732259072099
108.88883219951,14.2566490991987
109.249958800632,12.5313636647072
109.611054795256,13.773033460023
109.999943883241,14.75074827854
110.361070326538,13.7514931138602
110.722166471504,14.3231425824428
111.111055555521,13.489252699122
111.499944638176,12.0746683863987
111.888833719485,15.406054803908
112.24995990173,14.4679602047932
112.611056295532,14.7108869391604
112.999945373069,11.3774712539872
113.388834449311,13.0254011209611
113.777723524273,14.4752756486142
114.166612597967,12.6666855068958
114.555501670407,12.629936749517
114.944390741604,12.940078215762
115.333279811572,12.8868650104952
115.722168880323,13.9699410571833
116.11105794787,13.8961118945788
116.499947014223,13.5629219001196
116.888836079396,13.5277192902797
117.277725143399,13.9793223991152
117.666614206245,12.5529461430203
118.055503267945,12.7620299950733
118.472153836084,13.9756456663759
118.888836967781,14.3999438568704
119.277726025951,16.1686709421684
119.666615083022,17.247892016652
120.083265864706,151.440454315925
120.499948773089,15.2829030105292
120.88883782677,17.0591504354875
121.305488766714,15.8113219327079
121.722171509685,14.2338205992503
122.138822555737,13.1496387229676
122.555505187846,13.3250239713042
122.944394236054,11.4466480762006
123.361045435168,14.0559193238347
123.777727907416,14.2861673829677
124.194379209182,15.075236028713
124.638823886246,14.6016373925202
125.055506194753,14.5627366229666
125.4721576513,14.2198390797792
125.888839854835,12.5863228480711
126.305491410657,14.6204719800457
126.749936080024,13.4822858855192
127.194380747818,13.1993441846054
127.611062738815,12.8862906001129
128.027714495754,17.9986485583682
128.47215915912,14.1982094415329
128.916603820977,12.2270779434343
129.36104848134,13.040410622023
129.777730213068,16.6196746196963
130.194382215547,11.9554169101134
130.6388268717,15.7498959025728
131.083271526417,14.0883525587774
131.527716179713,16.7991183530242
131.972160831602,14.9046696520255
132.416605482098,16.6900110909577
132.861050131217,19.493991919901
133.333256172783,56.7186206260241
133.805495006078,18.0417399084976
134.249939650976,17.6337080768122
134.694384294551,16.7744088187478
135.138828936817,14.6570672128458
135.583273577785,13.8645824879929
136.055479938848,14.9857022311088
136.527718435595,14.2396130068397
136.972163072592,11.9255913693697
137.444369591852,13.0100495804625
137.91660792209,12.6788628290178
138.361052555234,13.0869125714504
138.833259229567,13.4944446612716
139.305497396668,12.8802504937356
139.777704174714,14.096170124724
140.249942232755,11.6310383150416
140.722149113139,11.9470955743138
141.222149371984,13.1155864418269
141.694387266084,12.2254375552216
142.166594300389,13.2889817152117
142.63883208912,11.1255775144984
143.111039222406,11.8456853505748
143.611039472696,11.1420415363995
144.111039721249,11.2067969700924
144.583277297443,11.7052228965372
145.055484630508,11.5841214348833
145.555484874143,10.4461712880206
146.055485116111,12.3129911066129
146.555485356428,11.0016711316374
147.055485595111,11.5046174017771
147.555485832176,12.1603518082127
148.05548606764,12.0712891323054
148.555486301519,11.7405287968234
149.055486533828,15.4856579338142
149.555486764585,16.6051950562503
150.055486993803,533.869667976311
150.555487221499,13.4008052895284
151.055487447688,11.719704043929
151.583249343292,13.3079223784734
152.11104347587,13.0564716229266
152.611043697464,12.074497728924
153.11104391761,12.5155931433641
153.638806022563,12.3668782417297
154.16659993323,11.0833107344904
154.666600148963,10.7128053346772
155.194362408711,11.3830227436291
155.722156155406,11.5679731971963
156.249918518464,10.765824689654
156.777712155778,11.6719853960376
157.30547462078,11.3748001410011
157.861030461167,12.1038182639266
158.388823934388,12.0151307052255
158.916586552416,10.5551639081493
159.472142387067,9.51161017229113
159.999935699555,13.7301216396584
160.527698467582,11.2657531160578
161.083254296668,11.3205676524425
161.638810123875,10.1799061998212
162.166603225325,11.3738524706082
162.694366190455,11.3242219309468
163.249922012317,10.9237001354149
163.805477832372,12.2931995836665
164.36103365064,11.1029812216876
164.916589467137,9.62330748987196
165.472145281882,12.0528641495021
166.027701094893,11.0396463757888
166.583256906186,12.8535053511077
167.166574350956,11.8773716692571
167.749924104389,9.42682003961414
168.305479910466,11.1744776622919
168.861035714895,11.0830783138467
169.444353369701,11.8696270326855
170.027702898903,11.1298717316291
170.583258698324,11.3144534086143
171.166576508288,11.8947310037713
171.749925871974,10.4461220982195
172.333243785312,10.37235344005
172.916593038782,10.7487421311349
173.499911054127,11.1557552663607
174.083260198886,10.9342160636826
174.666578314899,10.7038447152309
175.277689734051,11.3536150636393
175.86103871598,10.9309474474955
176.444356982872,11.1131323541446
177.055468395859,10.3424039925083
177.638817218276,11.3527349297374
178.222135633085,11.1866137029799
178.83324704009,12.4696874640248
179.44435844508,14.47446010734
180.055469848074,19.3719389513073
180.666581249094,12.5918374889807
181.277692648159,11.4319662922618
181.88880404529,10.3998776670065
182.499915440505,11.6429093670032
183.111026833823,12.4933021246812
183.722138225264,11.5309371854808
184.361011361601,11.4854791884625
184.999916583202,9.97958741999758
185.611027968957,9.33553893124401
186.22213935291,9.56156536059154
186.861012696144,10.7604212030853
187.499917695427,12.1101606120435
188.138791142325,11.1845275202263
188.777696030299,11.0059412228648
189.416569579488,10.908784930161
190.055474357681,11.6352366741608
190.694348007814,12.7274009672957
191.333252677721,11.6572338037453
191.97212642748,11.4486197677126
192.638793425665,10.6307473198731
193.277697933591,10.4554494429849
193.916571832481,10.6453632460826
194.583238824061,10.7049330294673
195.249905813423,12.2607694745744
195.916572800589,10.2151657147139
196.583239785581,11.3235365391751
197.249906768421,11.3305955244708
197.916573749132,10.7589006555277
198.583240727733,10.6996724298369
199.249907704248,11.25932844142
199.916574678695,20.0668458531381
200.583241651097,11.7456681660371
201.277670438789,10.7621357496984
201.972131170452,10.7535943147599
202.638798136673,10.5198590471069
203.305465100929,11.0929860900559
203.999894093369,10.077253366777
204.694354603569,10.0144968901188
205.388783698425,10.2096862426069
206.083244097937,10.6764784878305
206.77767329386,10.2964675090906
207.472133584198,10.7845618434551
208.166562879867,9.5945155799626
208.888785460927,10.5352311494062
209.611008039514,10.7978847903753
210.305468111705,13.9653548636853
210.999897606864,10.3932500607034
211.722120178368,9.3231529466791
212.444342747497,10.1552137533607
213.166565314275,10.6468483856828
213.888787878727,10.6048988189266
214.611010440875,10.3927796107653
215.333233000742,9.85384837767601
216.055455558353,11.2280922844284
216.777678113729,9.50396786843127
217.527662495133,9.62647970601496
218.277678798619,10.1141544784955
218.999901347257,10.1669786657826
219.722123893749,13.1476998855867
220.472108479199,10.770258148322
221.222124560467,9.90055557947005
221.97210924783,9.66552255553773
222.722125218204,10.1646043976406
223.472110006142,10.452526852743
224.249888173125,10.1317538737609
224.999903978,10.7510112457351
225.749888916162,10.709490091273
226.527667075344,10.8171946368321
227.277682718111,9.34710344373355
228.027667803562,9.58198677767541
228.805445955175,10.8161115559373
229.583224104255,10.548566800215
230.361002250828,11.3169102468058
231.138780394919,10.5747599593497
231.916558536553,10.3091990326446
232.694336675754,10.7257067359677
233.499876631246,11.2417019957744
234.305448527896,10.7297514701649
235.083226659777,10.6279779650556
235.861004789323,10.8899889710247
236.666544948624,10.6438720355132
237.472116621767,10.4746856372504
238.277656882731,11.0285109765623
239.083228444488,12.5133766267643
239.888768805783,88.259439409776
240.72210255482,10.9754948634305
241.527673950489,11.7744259380848
242.333214461521,11.3460812777507
243.166548202229,10.3609697965722
243.972119435217,10.1909509227675
244.777660093066,9.88048262988241
245.610993825692,9.75990224920693
246.444327555618,9.38329718627934
247.27766128287,10.4314590381519
248.110995007477,10.4377549362817
248.9720905078,11.7499269478959
249.833218030059,189.094091436811
250.666551746714,10.2145899965063
251.49988546083,10.2592298111003
252.360981165449,10.7835440395422
253.22210846206,9.92162007648116
254.055442168541,9.96047861154125
254.91653802372,10.0867006055106
255.77766515423,10.8590747210902
256.638761109225,10.698196933483
257.527650439162,9.28644327893829
258.388777403443,9.74758033144578
259.249873507307,10.6609879318658
260.13876282842,10.9194209729312
261.027652146588,11.549986493981
261.916541461843,10.183510532675
262.805430774213,9.46166619763169
263.694320083729,10.4750173440477
264.583209390418,11.1347314254805
265.472098694309,11.3838867977205
266.360987995431,26.9731771344369
267.24987729381,13.4047303262162
268.166528554566,12.2751011855758
269.083211463173,10.908102384343
269.972100753322,13.3619996076392
270.888752164709,10.2909011567859
271.805434905966,10.1881574279334
272.722086417151,9.84464334072332
273.638769047632,10.7055403242775
274.555420657318,10.1365175832666
275.499865564209,10.1513138671622
276.444310467941,10.243319844714
277.388755368544,10.6859963957252
278.305437723816,10.0062162205584
279.222089578554,11.1035488886863
280.166534470142,10.60251072733
281.138741139518,10.1963563854198
282.110979825749,9.37605925270172
283.055424708241,9.83355223885527
283.99986958782,10.6404740076809
284.944314464514,9.76060693882855
285.916521386248,9.98714310873865
286.888759789924,9.43620912912933
287.860966812033,10.0324623314043
288.833205103472,9.96099983100549
289.805412224651,10.7679637101314
290.805412717527,10.5941584858303
291.777650841936,9.79362061376821
292.749858110702,11.0879652468457
293.74985859373,10.1992939729466
294.749859073481,10.035324305924
295.749859549987,11.0797182171961
296.749860023282,11.7292576978797
297.749860493397,12.1636129305152
298.749860960365,13.0342675169543
299.749861424218,21.561119738328
300.777623855745,13.2665124943113
301.805417923595,12.3178779862873
302.805418378118,11.0913655046248
303.833180959248,11.3060030516486
304.860974858607,11.2301425468138
305.88873753875,11.0510465270076
306.944293614786,10.6810737877391
307.972087346131,10.9055156456014
308.999850173704,11.0061156739435
310.05540623933,10.0152076170952
311.110962301495,11.4806268715959
312.166518360234,11.5450783982453
313.222074415581,11.1333764336023
314.277630467572,11.4855511596806
315.333186516238,11.6163845564183
316.388742561613,11.1193918087677
317.472060596232,13.2316023477752
318.555410223531,9.57889328498722
319.610966259065,11.0909486816132
320.694284442416,10.1822002342852
321.777633901083,9.63942708292088
322.860952182831,10.3133376701224
323.972063839011,10.0429124939101
325.055413129678,9.16885189490274
326.13873155788,10.1354032709077
327.249843203177,9.77474683098329
328.360954844859,9.29488384403974
329.472066482963,9.84300171402819
330.583178117524,9.32196345234369
331.694289748578,9.30682706787162
332.833163325122,9.92572480557339
333.972068581424,8.66853247326007
335.083180201997,9.19188181869925
336.22205392758,9.23040192738927
337.36095901368,8.9545857137967
338.499832837819,9.23687424073809
339.638737811496,9.22986371470542
340.777611732919,9.78172974933646
341.944278966109,8.55273906535933
343.110946195445,9.27801713617514
344.277613420968,8.79847981747598
345.444280642717,9.78534837012464
346.610947860728,9.78971373084299
347.77761507504,9.39934875015354
348.944282285691,9.18245709298873
350.110949492716,57.0264199793024
351.305378745832,9.14495899289869
352.499839476892,9.39200867974318
353.666506673089,8.63110623813805
354.860936072948,9.60209527699755
356.083158895972,9.07788558557745
357.277619401304,9.36353749887741
358.472048947328,9.83340754205411
359.69427175833,38.2236932314373
360.916494565343,10.0131301335426
362.13871736841,9.40644384806246
363.360940167569,10.0930699548945
364.58316296286,9.5565802695557
365.805385754321,9.46490383102547
367.05537056645,9.88648373091084
368.305386906906,9.16617734469657
369.527609686939,9.31796030397229
370.777594645772,8.8211529535155
372.055373052494,9.7351842694473
373.305389165765,9.36915617014107
374.555374270627,8.7371926291226
375.833152664748,9.25304131292083
377.11093105469,8.47077326298838
378.3887094405,8.98097453689282
379.666487822217,9.13217460049171
380.944266199882,8.68332936398652
382.222044573537,8.42102799571462
383.527584974216,9.11892091753683
384.833156890003,8.89142016802237
386.110935251694,8.66205026574603
387.41647579847,9.12677468167888
388.749809786443,9.07135517617186
390.055381474523,11.4110655339893
391.360922166637,9.34326463009416
392.694256141502,8.97312974142756
394.027590112027,8.29497344821379
395.360924078253,8.77071772794035
396.694258040225,8.22204837791636
398.027591997985,8.85743197466798
399.360925951576,15.8724104967546
400.722021966381,10.6240908041865
402.083149427384,9.18675278408428
403.444245539822,8.88412092161989
404.805372886333,8.1413603090351
406.16646909515,9.28932523735245
407.555358657335,9.81952746716492
408.944248214945,8.25001410192679
410.333137768028,8.84737465739295
411.722027316632,8.26805294049884
413.110916860799,7.81106618063436
414.499806400573,8.35898886805352
415.888695936002,8.33417592615467
417.277585467126,9.03144938602257
418.694237119957,9.14781630075043
420.110920097452,11.1773842234705
421.52757184684,8.11289933171175
422.972016994537,8.64272257689973
424.388699800621,7.74801899081944
425.805351693468,7.73745785357634
427.249796827129,8.39009822228875
428.694241956146,8.08239409123453
430.166449026696,7.58049685268742
431.638687781875,7.90693983594735
433.083132897064,8.39290339305083
434.527578007794,7.88095102302453
435.999785271882,8.3345623521461
437.499786008094,7.54594346903761
438.972024474843,7.62789560261777
440.444231883113,7.70143081951158
441.944232604566,7.72976667096833
443.444233321139,7.93186246622723
444.94423403288,7.92746798263677
446.444234739838,7.71477345954447
447.944235442063,7.98747391227285
449.444236139599,25.9121675071433
450.971998939049,14.4627081607345
452.499793101757,7.7061256262937
454.027555997276,7.25700033430057
455.583112310086,7.91869439810917
457.110906299958,7.89502363689459
458.63866933815,7.69160609134935
460.194225635835,8.59780006378297
461.74978192852,7.93445509866348
463.305338216254,7.71165387969041
464.888656522051,8.09756633000026
466.47200635834,8.28113963696529
468.02756263135,8.44058149919317
469.610881080863,7.66743314476072
471.221992978451,7.88743092304685
472.80534258322,7.50419431115593
474.388661175379,7.51328423359022
475.999773057231,7.72667330367105
477.610884933882,8.01124331272887
479.221996805386,31.0290777667407
480.833108671794,13.3436192196922
482.47198259762,8.57384371831418
484.110887970693,7.73090259552747
485.749761992355,8.06733710026307
487.388667249132,7.43216599654442
489.027541365415,7.21506775597809
490.694208835068,7.75352890729875
492.360876299285,7.9307324097635
494.027543758121,7.69521051167494
495.69421121163,7.97579527266798
497.360878659864,7.79235425825815
499.027546102879,7.99339156989402
500.721975664623,11.5651893723923
502.416436554458,8.10008996390936
504.110866210998,8.05706669169461
505.833089267039,7.97912363351407
507.55531231742,7.40566284105777
509.2775353622,8.7751806629673
510.999758401437,7.65120627283983
512.721981435185,7.65953568900121
514.444204463497,7.75879220847641
516.166427486432,7.70999739602445
517.916412651428,6.97805455673562
519.666429097334,8.10231764014875
521.416414356503,7.29790514576991
523.194192991613,8.17993024283199
524.971971620918,8.18241622731894
526.749750244475,7.6321759257475
528.527528862341,7.97049921695318
530.305307474576,8.12967351753334
532.083086081233,8.60526328369241
533.888626816035,12.4232718886809
535.694198859071,8.18991129463654
537.499739687844,7.87811513934331
539.333073906047,8.21950515963865
541.166408118254,8.01048013547863
542.999742324527,7.41904251348547
544.833076524926,7.75141987249345
546.666410719507,7.24091135680426
548.499744908332,7.57115818804704
550.360841226408,24.0624951750113
552.221968849986,7.30461396718196
554.083065261665,7.64641615488036
555.971955061315,7.95617205941548
557.860844854798,7.67335913487443
559.749734642176,7.33347809973474
561.63862442351,7.94331403681507
563.527514198862,7.81820045288719
565.416403968291,7.80731022095594
567.333055881793,8.00002597174534
569.249739070637,7.80038369466278
571.166391077218,8.52772255262117
573.11083645668,7.84865119424489
575.05528182982,7.69990186994536
576.9997271967,7.7766127887785
578.944172557384,7.68121565476639
580.888617911932,7.86814656132922
582.860825385801,7.9486195255182
584.833064184001,8.05317624816289
586.805271750863,8.00162852535883
588.805272714866,7.77925842816157
590.805273672341,7.74554101654868
592.805274623357,8.19432267924423
594.805275567977,7.31064728256367
596.805276506264,7.82564389533675
598.833039552029,7.94624430763257
600.860833945286,21.1238618200622
602.888597083816,8.16552496473118
604.916391359052,7.67611020110055
606.944154589191,7.95799806948527
608.999711123097,8.15242159241033
611.055267650419,7.90019983413876
613.138586231351,7.86487019047315
615.221936266959,7.49192593724875
617.305254940887,8.04369404277037
619.388604857267,7.76006685400881
621.47192362303,8.0531593322489
623.583035745035,7.43567220670016
625.694147860219,7.72236730395184
627.805259968651,8.33320104396903
629.916372070397,8.39655639417226
632.055246289425,8.05417291909675
634.194151835291,7.81214983151685
636.333026146261,8.07806136935914
638.499693855328,7.70665677100876
640.666361557346,7.99426056202288
642.833029252382,7.49134066015769
644.999696940512,7.75568180317647
647.166364621801,7.33536565210062
649.360794441631,29.3662659883371
651.555255545271,7.74645177493054
653.749685456451,7.60718707039615
655.971908744247,7.58053962410524
658.194132024848,8.07543869641812
660.416355298325,8.98028946384633
662.638578564752,8.13628339070094
664.888563948101,7.44972958842203
667.138580657959,10.7285246690672
669.388566132533,7.62167624817624
671.666345004854,7.5280857441374
673.944123869779,7.42891921858315
676.221902727376,7.53693519217965
678.499681577722,7.39753066133703
680.777460420895,7.32558533991223
683.08300142157,7.76813243805752
685.388573667099,6.71620103453437
687.694114758209,7.38688507959298
690.027449206379,7.52376978446708
692.360783647038,7.32681509149507
694.694118080253,7.83391772949964
697.055214615053,7.21005099750633
699.41634250598,8.64462526473769
701.777439131446,7.34722510574779
704.166329169195,7.25770944447095
706.555219199176,7.23720813979251
708.944109221468,7.78364137467034
711.332999236146,7.16340142439079
713.721889243288,7.14729855902242
716.138541410553,7.02690344679122
718.555224816392,7.90099833134756
720.971877073352,25.7630836430666
723.416322684066,7.59053090411361
725.860768286924,7.54632198431073
728.332975958187,8.30419778642204
730.805215050833,8.41763223748434
733.249660630424,7.97393125272277
735.721868436213,7.24365827750292
738.221869634316,7.26956189731703
740.721870824332,7.34450852651311
743.221872006342,7.19497711119551
745.749635278695,6.96773287823505
748.277429928047,7.9499692984174
750.805193290108,10.7829745729594
753.332987817996,7.04176149221902
755.860751268668,7.57709786174315
758.416308036748,7.25782030531149
760.999626871487,7.59873464390297
763.58297713003,7.29281669340624
766.166296054359,7.08523529464362
768.749646190695,7.2623892996333
771.332965203524,6.92079352633188
773.944077556621,7.1842569206789
776.555189901367,7.06911503003975
779.194064349482,8.30191947594861
781.832970147502,7.28834982505923
784.471844684468,7.11548820852464
787.138512630158,7.19012118773839
789.805180567211,7.24098998458712
792.471848495713,6.74903909733224
795.138516415751,7.22444720831451
797.832946482901,7.5339734748294
800.527407812011,9.07087228094658
803.221837967207,7.45792100413664
805.944061487322,7.06131313994727
808.666284998697,7.57620263163631
811.388508501422,7.33134451020312
814.138494148306,7.56848149198149
816.916273268329,7.1487132096219
819.666290120722,7.23923429637692
822.416275899227,7.40609508347119
825.194054992412,7.58651503656998
827.999596180734,7.7502007230992
830.805168733815,7.56581613307782
833.610710009992,7.37885409589111
836.444044701999,7.54126340912063
839.277379384831,20.8178101600381
842.110714058584,7.96683022045044
844.944048723346,7.32411784720429
847.80514554616,7.18290644417381
850.666273607488,20.6270704983072
853.527370517171,7.6413189188323
856.416260779845,7.42793173613628
859.332913110671,7.26935419321843
862.249596859107,7.78781123722899
865.138487094172,7.82298152995707
868.055139555296,7.75603628158796
870.999585406045,8.32986094112679
873.944031247318,7.76395481687248
876.916239178343,7.60904381158079
879.888478483286,7.48115089121697
882.860686501136,8.13704293079094
885.832925681788,8.15343368791938
888.80513378543,8.17968290323719
891.83289727749,8.16517651367919
894.860692195123,8.25535198000425
897.888455773903,8.51292560607686
900.916250566446,9.46687043147422
903.944014230915,7.78583191794492
906.999571235801,7.90245131695308
910.08289033672,7.90919204929976
913.16624079794,7.84513926392113
916.249559984903,7.88313587388059
919.360672585025,8.37863350091776
922.471785175101,8.16894610849973
925.582897755236,8.12475846008535
928.69401032553,8.3711207356435
931.832885081785,8.42380752038517
934.999553266596,8.6782100483732
938.166221441158,9.17791703114497
941.332889605576,10.0184011933646
944.499557759949,10.5830833579394
947.693988089717,10.7770472224606
950.916211858321,21.1819641777969
954.138435616477,10.3760972774386
957.360659364296,9.49012283565059
960.58288310188,19.8587370945669
963.83286900913,8.08285953551669
967.110648360619,7.95865484089457
970.388427701476,7.49297278035081
973.66620703181,7.52899069005215
976.943986351725,6.95330585821718
980.249527840192,7.17783863056636
983.555100541978,6.84558664135416
986.860642114367,7.03253877861669
990.221739103025,7.00433336476557
993.582867509654,6.84435849601654
996.916202400537,6.64167218493767
1000.27729951527,7.75036331655119
1003.66619001902,6.83219851097194
1007.0550805119,6.8288172264621
1010.47173313082,6.4728957224752
1013.8884170469,6.66222979844103
1017.30506974943,7.07063434946316
1020.7495158332,7.48451015352626
1024.19396190593,6.47719228518988
1027.66617011618,6.53403261017502
1031.16617180158,6.30768491352712
1034.6384112215,6.33776969811837
1038.11061955643,6.69670131372216
1041.63838331953,6.3104198059502
1045.1661784303,6.61669220006242
1048.69394227653,9.33757725067192
1052.24949952892,7.27751433233833
1055.80505676987,6.38595620053317
1059.36061399952,6.72887186986853
1062.94393340154,6.24629480196476
1066.55504624293,6.60080960030032
1070.16615907264,6.41266621760454
1073.77727189079,6.53066347993999
1077.41614685205,6.7246918612961
1081.05505307425,13.5694483296943
1084.69392811754,6.32406957369547
1088.3605965237,6.64778868458417
1092.05502704686,6.44525350227603
1095.74948888257,6.53872604808759
1099.44391948763,7.03188335466085
1103.16614348112,6.7435254560017
1106.88836746271,6.27996538288166
1110.63835359161,6.58450787690095
1114.416133184,6.47832560537241
1118.16615049957,6.56129950097775
1121.94389883783,6.04484351456504
1125.7494718881,6.47609832729864
1129.55501362533,6.49892373296284
1133.38834879157,6.33078304632371
1137.22168394546,6.59550473394625
1141.05501908712,7.06253117436988
1144.88835421666,6.5607603322123
1148.74945156403,11.2451742214039
1152.63834230329,6.86135977851407
1156.55499514274,6.27237752921852
1160.47167932615,6.55594855944893
1164.38833224621,6.14302441936636
1168.33277856995,6.39428354783902
1172.27722488105,5.96006089838847
1176.24943333604,6.30389139572388
1180.22167304722,6.23088758489782
1184.19388158209,6.47617470456717
1188.19388347694,6.45093223174238
1192.22164750922,6.36018992424252
1196.27720501314,6.53654531331143
1200.30500024823,11.0218463598831
1204.36052649414,6.45522732213541
1208.44387744643,6.28644756110578
1212.52719709834,6.08086550606207
1216.63831017161,6.29287420550609
1220.74942323167,6.14264325539438
1224.86053627864,6.33916134697584
1228.99941151222,6.09069734531028
1233.16608016729,6.19177814997487
1237.33274880897,5.89553324164787
1241.4994174374,6.25823984049015
1245.69384825473,6.35395481975557
1249.91607249088,11.7253485079285
1254.13829671348,6.21876728150659
1258.38828307763,6.17880029666661
1262.63830069997,6.10369615578217
1266.88828714224,6.24244039219443
1271.19382905527,6.12743558362093
1275.49940231584,6.26709155756417
1279.804944307,6.24953642933569
1284.138279703,6.19297891491876
1288.47161508512,6.17132997607573
1292.83271262716,6.17158708872642
1297.22160361608,6.10677691649989
1301.61049459084,6.60146170081748
1305.99938555159,5.94396440210383
1310.41603868535,6.0866660059336
1314.86048525248,6.07456712036891
1319.3049318053,8.38939760254786
1323.74937834397,6.12293419448842
1328.22158707104,5.52258914881634
1332.72158921565,6.50576689064926
1337.22159134584,6.01261936041355
1341.74935562968,5.97146407875972
1346.27715114491,6.10788724483016
1350.80491550498,6.98204222446951
1355.38823534729,5.97500869074579
1359.97158648581,5.79217709186235
1364.55490640425,6.22741136428859
1369.19378180709,6.30849585523845
1373.83268856589,6.21251992343633
1378.47156404475,6.27771561294635
1383.13823293208,5.90928901436369
1387.80490180449,5.97750189954625
1392.4993328453,5.98357090635039
1397.22155732232,6.08586723908926
1401.94378178415,6.25316436103669
1406.66600623095,6.10296871303357
1411.41599287295,6.09761044758582
1416.1937729239,6.22603677879278
1420.97155295955,5.88611117282102
1425.77709516675,5.99743162974727
1430.6104308063,6.05360575095768
1435.44376643031,6.08008155013503
1440.30486420448,7.65852836565917
1445.19375543212,5.63773691226901
1450.08264664398,9.05441697307625
1454.97153784023,6.00094462680909
1459.88819121994,5.97801349514808
1464.83263801932,6.11184987044662
1469.77708480286,5.87778643252449
1474.74929375235,5.78535762824097
1479.74929613873,5.81806944688998
1484.74929850904,5.92165301445141
1489.74930086343,5.99622219682134
1494.77706542074,6.00576934747061
1499.83262337747,6.18739124275805
1504.91594347085,5.85932032852879
1509.9992948242,6.38857341625494
1515.11037707873,6.33571258666437
1520.24928409838,6.23824772491177
1525.38815980228,5.86745022786786
1530.55482893012,5.80242974616194
1535.72149804139,6.0009803515244
1540.88816713627,6.08002043903086
1546.08259845123,6.24899206364096
1551.33258527066,7.31246562430599
1556.58260340841,6.13949972435513
1561.8325902998,7.08226434363882
1567.11037057999,6.09869273840891
1572.41591301317,6.16292365619026
1577.74924889411,6.21612610881007
1583.08258475789,5.94233724651285
1588.41592060467,6.018166906678
1593.77701865231,5.85349700049623
1599.16591009931,6.3612157690444
1604.58256369149,6.13463767044486
1610.02701073855,5.9078834999228
1615.47145776806,5.98911117009103
1620.91590478021,5.73731145887976
1626.38811398883,5.86698347320166
1631.8881166005,5.95146847599001
1637.41588135621,5.81682276656932
1642.97143956722,6.03835835205861
1648.52699776033,6.7209474706095
1654.08255593573,5.95139204615748
1659.66587630964,6.05969019806763
1665.27699008384,5.94426436250022
1670.91586600723,5.97154487458421
1676.58253538004,5.86829780497584
1682.24920473462,6.89030703791477
1687.94363624345,5.74998435654677
1693.66586119626,5.71843651014169
1699.38808613069,6.07140352786345
1705.11031104691,5.91100197297101
1710.86029817618,5.95408324580439
1716.66584082413,5.95213035603179
1722.47141476726,5.95081052111816
1728.27695748351,6.08255513606835
1734.13805571966,6.23513378875394
1739.99918523199,5.81755759119725
1745.86028353604,6.13866078017533
1751.77693736117,8.17505414356503
1757.72138464782,6.08234743414642
1763.66583191532,6.13025340929851
1769.61027916385,6.10565913048508
1775.58248861245,5.94622386646228
1781.61025358461,6.02483421061543
1787.63804986468,5.93433199505052
1793.66581490377,5.95508015948239
1799.72137332527,6.99490377284687
1805.80469392219,6.14047273743501
1811.91580793936,6.3652077160279
1818.05468409532,6.21512570675123
1824.22135370791,6.04454922934103
1830.38802330064,5.86429630750451
1836.55469287373,6.1610616493103
1842.74912465548,6.37150912605133
1848.9991119652,7.52784375561596
1855.24913055324,6.11537869938148
1861.52688003735,6.07460355823104
1867.83245425259,6.14555448840719
1874.13799718938,6.35684497626963
1880.47133352591,6.31001793014702
1886.83243202514,6.64795830328044
1893.2213239556,7.01353538001713
1899.6102158656,7.01822142437751
1906.0268699604,7.01451259661615
1912.47131746391,6.71458140391841
1918.94352712286,6.90230521990654
1925.4435302196,6.20656881240728
1931.9435332955,5.98562882369258
1938.47129855133,6.10172084668951
1945.02685722005,5.79357024060086
1951.61017804162,6.07174106988153
1958.22129230285,5.78885565972523
1964.83240654288,5.94201331365326
1971.47128296253,5.81707348296981
1978.13795279466,5.96546704912452
1984.83238478154,5.58415716855792
1991.55461020547,5.66951673452315
1998.27683560786,5.84320120039916
2005.02682319388,5.9283715519583
2011.80460418766,5.82561902002225
2018.61014734229,5.84706010278752
2025.44348392713,6.0322887728495
2032.27682049012,5.80161504094299
2039.13791924484,6.43113922898098
2046.05457353896,6.06704900381098
2052.97125911184,6.66227966228756
2059.88791346711,5.84960741343459
2066.86012336243,5.79895096205362
2073.86012669643,5.67066552333358
2080.860130008,5.7954028489932
2087.88789550492,5.80351744717021
2094.97121654368,5.67593330624282
2102.05456886644,5.78779336654214
2109.16565208633,5.58732396691106
2116.30456001473,5.76586730088147
2123.44343668602,5.84104457363378
2130.63786890063,5.70024378131153
2137.83233235773,5.72500946196061
2145.05452677498,5.8358444735033
2152.33230803142,6.52359611848525
2159.61008926441,6.28382118950359
2166.8878704742,5.62101391534781
2174.22117601234,5.79297731050046
2181.58230627492,5.66614729941637
2188.94340527108,5.79053248345185
2196.36005981349,6.02203667888985
2203.77674559896,5.78870992675441
2211.22116234555,5.9321004776593
2218.72116592827,5.83107355838459
2226.22116948687,5.9460700998255
2233.74893521043,5.60605727331931
2241.30449435545,5.82551438086916
2248.86005347635,5.76152531227606
2256.47113692324,5.80589495023799
2264.11004509376,5.55393838641497
2271.74892199979,5.73287581810631
2279.44335445541,5.99364307281569
2287.1655803578,5.81226148546966
2294.88780623542,5.73087699736604
2302.63779429733,5.76289994309925
2310.41557575994,5.6031227327099
2318.22111940045,5.92610130106683
2326.08221859253,5.72431184176401
2333.94334905165,5.65339279395943
2341.83221043904,5.88696852894827
2349.74889648687,6.99020510039125
2357.69331344982,5.83634363081412
2365.66555508519,5.73248722078493
2373.66552762494,5.93103990751189
2381.69332484671,5.83605482589229
2389.74885296444,5.77640093900846
2397.8322057715,6.22431592401805
2405.91552733866,5.75233650912388
2414.05440446013,5.79789428115638
2422.22107500779,5.99979852210075
2430.41550771083,5.58139993634945
2438.63773384065,5.57695393395825
2446.88772212564,5.53826095752711
2455.16550383725,5.9356426771567
2463.47104770453,5.88061244102747
2471.80438499759,5.65497737092687
2480.13772226403,5.80304206545798
2488.52658387241,5.95690758553234
2496.94327016899,5.66868482259819
2505.38768736287,5.86338522707259
2513.8599292373,5.73600764327576
2522.35990201761,6.17363437089059
2530.88769946887,5.86092463230952
2539.44322783657,5.84493054352304
2548.0543430592,6.40214480614914
2556.66545825412,5.70764965450568
2565.30433562175,5.89802793238479
2573.97100639599,5.66660096570781
2582.66543934799,5.58129545482405
2591.38766570119,5.66766809227463
2600.13765423779,5.62458924001595
2608.9431983348,5.58351327758122
2617.77653587297,5.60712179517417
2626.63763555539,5.62705582241407
2635.52652867142,5.9480414957076
2644.41542175904,5.90726947018725
2653.35983918717,5.74478130818571
2662.33208129801,5.74313796714439
2671.3320543208,5.66356417706814
2680.38761419745,5.56427275135339
2689.44317404498,5.60916842524002
2698.52649607103,5.59092397118863
2707.63761149505,5.78798903733824
2716.80425123038,5.81795868678879
2725.99871568931,5.62104489217907
2735.19314888834,5.57782859101335
2744.44313765101,5.7595941407028
2753.72091983162,6.13262285856636
2763.0264641814,5.82452606085711
2772.38756409574,5.77853640715495
2781.77645745601,7.60464120170275
2791.16535078618,7.34828213911339
2800.60976844329,6.90475787740356
2810.08201079694,5.84977462865669
2819.58198405578,5.93568008037938
2829.13754416859,6.21171974253235
2838.69310425072,5.9898298838051
2848.27642651638,6.59802329063637
2857.91530434832,6.11730896934379
2867.58197560738,6.21385814244811
2877.27640902774,5.95840451906201
2886.99863585936,5.93231883761194
2896.74862486823,5.61948779720456
2906.5541694444,5.43877139180403
2916.38750745136,5.61495945177061
2926.24860761644,5.55620684040722
2936.13750119487,5.64459016983593
2946.0541569489,6.51832085481043
2956.02636827118,5.90140066494173
2966.02637302336,5.42147605122615
2976.05413993495,5.50436065244198
2986.10970025753,5.42216428830119
2996.19302275845,5.83272884400714
3006.3319008285,5.58834130970304
3016.49857232322,6.64054118842603
3026.69300598291,6.62111979468091
3036.94299521237,6.27735077810459
3047.22077787817,6.27092137744239
3057.52632269754,5.64367230660405
3067.85966093196,5.84494937499888
3078.22076134123,5.57658861580988
3088.63741732104,5.39843204348725
3099.08186672492,5.77793093603775
3109.55407829485,5.60354671047035
3120.05408326632,6.00782054920288
3130.60961256633,5.88561159247306
3141.22072873956,5.5942928732104
3151.83184487871,7.02717548916735
3162.47072320034,5.56563801553124
3173.16515709377,5.5210053580452
3183.8873843997,5.57885714204415
3194.66513601534,5.7819416633593
3205.47071233706,5.54381267527496
3216.3040195685,5.60110157655128
3227.19291363997,5.58670188179587
3238.10956985954,5.925346802761
3249.0540194957,5.81951830716214
3260.02623130593,5.61303295806531
3271.05399868938,5.60010259566714
3282.10955948914,5.43610197178699
3293.19288246334,5.58096461020464
3304.33176101119,5.63692428863143
3315.52619513303,5.48830200053207
3326.74842269404,5.70119489706948
3337.99841240683,5.58005016489365
3349.2761955304,5.91399449926889
3360.58174083405,5.77287191526817
3371.94284171213,5.47207985969955
3383.35949816495,5.83231257975713
3394.80394804691,5.54981478719809
3406.27616009072,5.61852158513232
3417.80392770963,5.6453594451246
3429.35948875036,5.50236565318511
3440.94281196025,5.62488169050265
3452.58169074555,5.60693911058617
3464.24836294402,5.83871011945377
3475.94279732026,5.76121053752521
3487.69278727223,5.64842855547888
3499.49833280019,5.65712972715655
3511.33167175206,5.50250114586304
3523.19277287099,5.70090156204979
3535.10942956619,5.61289614039366
3547.08164183793,6.15885058664733
3559.08164754109,5.54474760654929
3571.10941540378,5.69188471699314
3583.19273884326,5.65346924922275
3595.30385569984,5.8366045745164
3607.44273473016,5.79952591660301
3619.6371693375,5.66072415294383
3631.88715952208,5.67371233515156
3644.16494312638,5.69429828061364
3656.47048890172,5.76841191677357
3668.83159025452,5.72308234383154
3681.24824718498,5.81219378346269
3693.72045969334,5.69238439405029
3706.22046563784,5.640395221128
3718.74823373685,5.77418060610709
3731.30379523575,5.74385130058483
3743.9148810872,5.83208221431279
3756.58155377459,5.8869347875558
3769.27598862035,5.97988308071934
3782.02597904453,5.97843769176575
3794.80376287896,6.05560405266625
3807.63707104675,6.04525499038862
3820.52596606831,6.02436816633807
3833.44262324006,5.84090711374367
3846.41483599073,5.84353151643896
3859.41484215716,5.58644698360477
3872.44261049787,5.6127905540945
3885.52593441758,5.53959986281038
3898.66481391645,5.69557525822182
3911.85924899466,5.46898608134314
3925.10923965236,5.66348009902126
3938.38702373952,5.52698064252162
3951.69256998692,5.70914820672052
3965.05367181388,5.60611428342649
3978.47032922053,5.62109146380869
3991.91478004046,5.55559357467344
4005.3869930365,5.49702755680602
4018.94252375589,5.48937667798264
4032.55364134993,5.62108360749154
4046.19252108565,5.55462336040578
4059.85919422692,5.45501843811972
4073.58139171568,5.6483793718816
4087.35917603832,5.59313717416114
4101.16472252331,5.57097532773183
4115.02582458858,5.54683280431628
4128.94248223426,5.62143933237792
4142.91469546044,5.51996280708438
4156.91470209924,5.58755328500685
4170.97023307273,5.42404571736631
4185.0813508908,5.44560083195696
4199.22023086653,5.71312869451616
4213.41466642297,5.55488254388466
4227.66465756021,5.4390862822115
4241.97020427835,5.55606749557747
4256.33130657747,5.48953121353488
4270.7202022949,5.55787920915037
4285.13686018163,5.53242331770335
4299.63683579745,5.61355599562129
4314.19239827989,5.66568764851511
4328.77572290971,5.48040624795798
4343.41460312071,5.54101152756613
4358.08127673203,5.53218725541063
4372.80347470454,5.46873718012046
4387.60902165949,5.62731787446228
4402.4423620329,5.45819082882538
4417.33122673176,5.67224078142443
4432.2756782791,5.54807849953595
4447.24789198333,5.44187499271627
4462.27566126895,5.57192642214583
4477.35898613608,5.6011601316619
4492.49786658474,5.39180419337699
4507.69230261498,5.64114224747588
4522.94229422687,5.55597336290049
4538.24784142043,5.52888257393832
4553.58118202238,5.45067152926347
4568.97004697075,5.5028746895742
4584.44226090957,5.54036659190447
4599.94226826724,5.58231748711734
4615.49779995076,5.55454145076492
4631.10891847808,5.50777413452127
4646.74779916509,5.51290763768791
4662.46999758574,5.61452892508165
4678.24778286629,5.53603425519423
4694.05333029863,5.55440283934938
4709.91443331275,5.64944500999056
4725.83109190873,5.69318077631017
4741.80330608655,5.62153043399251
4757.83107584623,5.62233663713253
4773.94216332773,5.56478397025348
4790.10883769319,5.57806056744796
4806.30327419857,5.64080235966242
4822.55326628586,5.57613601748281
4838.85881395508,5.58683907130696
4855.21991720622,5.45180394351497
4871.63657603929,5.43503508819778
4888.1087904543,5.6132955004815
4904.63656045122,5.47090882793161
4921.21988603008,5.48206431752041
4937.85876719086,5.46398382326244
4954.55320393357,5.60825360460703
4971.30319625818,5.41495793484039
4988.10874416471,5.44570616564228
5004.96984765312,5.34601175224198
5021.88650672342,5.40218367872541
5038.85872137556,5.50282100453064
5055.88649160959,5.47980063341277
5072.99757957537,5.54182048498655
5090.16425440496,5.39745705393577
5107.35869138439,5.56405321743307
5124.63644610259,5.49430314337466
5141.96978767044,5.30444798302835
5159.35865355762,5.4351104862904
5176.80310628336,5.48684726824154
5194.30308333998,5.4586544187102
5211.85864722292,5.38287997590381
5229.46973544946,5.36983182892043
5247.16417266777,5.58616174851909
5264.91416546775,5.57381356689384
5282.71971384937,5.45400156984313
5300.58081781259,5.3916873600337
5318.49747735735,5.42675899495778
5336.46969248363,5.43846997479488
5354.52522534711,5.51628640985212
5372.63634506244,5.41410339328105
5390.80298909851,5.54854269281406
5409.02521996675,5.21113414159098
5427.30297517574,5.4253197762833
5445.66407937742,5.46726699532337
5464.08073916037,5.43609020550387
5482.55295452457,5.40206328108131
5501.08072546999,5.37149517799389
5519.69181415412,5.54361536277012
5538.358489686,5.43512949018178
5557.08068954485,5.37972652053189
5575.88623840285,5.41320522698876
5594.71958065842,5.3625528818219
5613.63620942417,5.35635548689864
5632.63621846252,5.36236451142152
5651.66398964415,5.45113690784396
5670.7750785724,5.49621099212185
5689.9417543314,5.48464742707031
5709.16395443591,5.36746691186352
5728.46950352962,5.56286458352637
5747.85837035561,5.47060517250467
5767.30282404049,5.49232081068357
5786.80280204372,5.42540206787345
5806.35836687298,5.48631013823231
5825.96945605351,5.40137211629065
5845.69165636928,5.36759839907917
5865.46944354819,5.34045818308079
5885.30275504208,5.36795094281749
5905.19165336321,5.31768983507952
5925.13607603526,5.38309808127127
5945.19160984447,5.31055984794596
5965.30273051199,5.43296368021192
5985.46937550003,5.43341579469501
6005.71936948845,5.4885668593106
6026.02491905648,5.45789648662604
6046.3860242041,5.3963189221333
6066.83044709962,5.51455140568748
6087.35821899831,5.28867419734297
6107.94154647634,5.34392254923039
6128.5804295336,5.38728694115848
6149.30263033888,5.45422120327564
6170.10818014715,5.47141936194411
6190.96928553442,5.47047977240271
6211.88594650062,5.4243622849315
6232.88592521765,5.37877511208438
6253.96925293469,5.40081090899786
6275.10813623042,5.28954187242109
6296.33033727067,5.41773767369535
6317.63588731719,5.36894648111383
6338.99699294207,5.33942953091354
6360.41365414525,5.48252208292575
6381.91363310063,5.38213673736767
6403.49696105434,5.41475702385685
6425.16360674511,5.3907381153303
6446.88583927748,5.37176868328425
6468.66359614948,5.40916470305572
6490.5524641673,5.51350081521153
6512.49691902846,5.57514710575351
6534.49689822772,5.61442768681821
6556.60798857366,5.46088714282643
6578.77466576147,5.34806553115596
6601.02462943597,5.43183299485616
6623.35797338523,5.52626621952005
6645.74684165123,5.51062121855408
6668.21905891518,5.44899489214176
6690.74683175583,5.49047619373436
6713.35792235191,5.4662851960483
6736.08012409704,5.40013771074485
6758.85791269015,5.36312938442814
6781.69122561719,5.45871190509184
6804.63564969397,5.38635991221194
6827.66342278221,5.40520265714149
6850.74675144632,5.38689369240906
6873.9133978555,5.37269927036798
6897.16339326825,5.3490959895697
6920.46894425653,5.37630251733206
6943.85781299871,5.43882388496253
6967.33003073517,5.47793144022512
6990.88556621992,5.37466496090169
7014.52445070438,5.36450727280275
7038.24665293232,5.43373600838631
7062.05220416448,5.40800275160501
7085.9410731361,5.4232349687814
7109.91329111567,5.33911614913012
7133.94106466961,5.3479895328421
7158.0521559763,5.29370032608275
7182.24659627714,5.38158946941894
7206.52435432842,5.39102437813543
7230.9132235339,5.40224335234904
7255.35767957881,5.4097778238683
7279.88542212306,5.38662859447681
7304.52430708949,5.37156374800852
7329.2187476291,5.32757131359219
7353.99650591662,5.40287735892843
7378.85761320181,5.40512266902878
7403.80203823546,5.40466593193726
7428.82981226584,5.38369457836786
7453.94090404592,5.3506016690757
7479.16310698222,5.41789913738988
7504.46865892985,5.38625672515953
7529.82976644944,5.38840646189508
7555.27419172324,5.3743764850144
7580.82972815397,5.36926447543803
7606.46861358978,5.33884988971646
7632.19081676809,5.34407804946005
7657.99636894729,5.37362650539309
7683.88523887338,5.39461388111264
7709.85745779558,5.37294612588502
7735.91299446957,5.41927446765316
7762.07964230173,5.47485198161947
7788.32963913825,5.34463949965376
7814.66295371878,5.24478035311183
7841.07961729714,5.58927879372127
7867.57959862614,5.4611226508273
7894.19069111414,5.35939126459566
7920.8851326053,5.54366194200051
7947.66289184212,5.45844963907
7974.55176223838,5.36514361134359
8001.52398164147,5.3802641282333
8028.57951878681,5.42595881651014
8055.71840492978,5.46365090211973
8082.94060882419,5.46987859985541
8110.27392387869,5.42310712138666
8137.71835009353,5.37751728916072
8165.24612531753,5.61788523374359
8192.82945610915,5.35346046871886
8220.52386682486,5.36268448393799
8248.32941995771,5.3533607825343
8276.21829083224,5.47375521220118
8304.21827286782,5.37297950618484
8332.30160390832,5.44768989293066
8360.46825269348,5.5601967354648
8388.71825047051,5.48410961558283
8417.07932816609,5.39161740190474
8445.55154828307,5.41441923500062
8474.1070861408,5.37829011514271
8502.7737351603,5.43355752217317
8531.52373318216,5.42909155420315
8560.35704895125,5.38527377500729
8589.30147588236,5.47506628300185
8618.35701397566,5.45006401444235
8647.49590107024,5.50037721926345
8676.71810591305,5.35940837453388
8706.05142191822,5.3854087250588
8735.49584908589,5.3991413723264
8765.02362525089,5.4371881365046
8794.66248132726,5.40598084572044
8824.41247982945,5.4824966509301
8854.24579607185,5.46116246101143
8884.19022347711,5.37856404544336
8914.21799987828,5.48339351275377
8944.35685619477,5.47609906035403
8974.60685493177,5.43650446244337
9004.94017141207,5.41283732123203
9035.3845990556,5.5422611940962
9065.94013786231,5.51135371729846
9096.60678783244,5.44473827593893
9127.35678680035,5.52375935207274
9158.21786568098,5.54880298295542
9189.19008698276,5.44808551220432
9220.24562602807,5.37083394161352
9251.44003838965,5.42714953294544
9282.74559319122,5.50188015651515
9314.1067035521,5.47062454634971
9345.5788938449,5.64878591172775
9377.18998870828,5.55221415792975
9408.91219473536,5.51531417907487
9440.71774975961,5.54909044924403
9472.634384699,5.6139330470326
9504.66216205406,5.53804789190297
9536.80101931804,5.45535326410411
9569.05101900328,5.53009597871426
9601.41209859275,5.61750746190638
9633.88432060751,5.59331981835461
9666.43986036435,6.83336132658091
9699.13427344349,5.57370318357898
9731.93982895124,5.55114366127713
9764.82870219951,5.56463243082446
9797.85644877006,5.56955070877136
9830.99533776925,5.61454574956652
9864.21754450889,5.57791114521101
9897.57862457248,5.55412995938022
9931.05084706141,5.65531092005325
9964.63414945448,5.70842669206884
9998.32859426897,6.13957926184924
10032.1341189921,5.61368220904771
10066.0507861314,5.55573038296527
10100.0785331851,5.59290503500258
10134.2451848183,5.57746845126237
10168.4951854433,5.63407884625098
10202.8562659939,5.65446033455187
10237.3562511182,5.60348744168288
10271.9951095601,5.60358020109365
10306.7451104394,5.67613655794751
10341.5784290544,5.49820614553656
10376.5506209956,5.65892379702459
10411.6339553565,5.56389659405598
10446.8283696311,5.67807049385344
10482.1616884849,5.6717952423537
10517.606118502,5.68659389823601
10553.1616596825,5.64823092313195
10588.8283120261,5.62363279520862
10624.6338376974,5.68000947715079
10660.5782679534,5.73491900821412
10696.6338093725,5.70510473107811
10732.8004619546,5.65349077482105
10769.0782256995,5.70205753468392
10805.4948627715,5.71171687594013
10842.0226422594,5.67913546421376
10878.6615016673,5.69890025258097
10915.467027807,5.73071865472507
10952.3836963774,5.64714644912443
10989.4114448535,5.75606793097314
11026.5780979114,5.70797228519587
11063.8558621315,5.73076550253485
11101.2724996774,5.68999322614558
11138.80027964,5.70369798936239
11176.439139523,5.80665551519442
11214.2446661401,5.80460103658668
11252.1613351799,5.81680637042985
11290.1890841345,5.85209362905617
11328.3834998242,5.77935843754991
11366.6890579391,5.75818511876248
11405.1056959665,5.83059283421793
11443.6890007298,5.81409251667852
11482.3834479177,5.85682676067549
11521.1889750191,5.75716076258271
11560.1611688571,5.87300233866345
11599.2722672851,5.94071990306199
11638.4944768739,5.87639643411406
11677.8277976231,5.92478684292356
11717.2999917058,5.90398667654645
11756.9110903665,5.90995171477028
11796.6610623563,5.9766367843292
11836.5499389281,5.9054016467733
11876.5776888258,5.94278514075731
11916.7443433085,5.96464034186228
11957.0498711145,6.02918384018662
11997.4943035079,6.08831150952773
12038.0498470607,6.16023706791134
12078.7442639446,6.00896382166384
12119.5775854075,6.09355753492283
12160.5497802006,6.0373188347828
12201.6886417341,5.97211544622891
12242.9386456865,6.07768643990549
12284.3274917194,6.07089143122224
12325.8830357527,6.1655819648086
12367.549690944,6.08916802497865
12409.3552194668,6.11901640290518
12451.327414731,6.08784920637765
12493.438514582,6.12441898962174
12535.6607255902,6.1896271226345
12578.0495720922,6.22784043163772
12620.6051166021,6.18628982576049
12663.2717722688,6.06559650933362
12706.0773012659,6.1108992261745
12749.0494970057,6.16532310853329
12792.1605973301,6.14898551479436
12835.4105709814,6.16486441035808
12878.7994492122,6.21788009526687
12922.3272007751,6.25355976221388
12966.0216190812,6.2643998125719
13009.882704131,6.33856124838267
13053.882693768,6.28004027671065
13098.0215567297,6.30816833749327
13142.2993242714,6.39335178553456
13186.715965145,6.27465739867023
13231.2992727627,6.37436944712854
13276.0492471246,6.39260240505936
13320.9381260697,6.41374348791207
13365.9658783437,6.40118989473273
13411.160297362,6.44993145231295
13456.521383125,6.50387987216609
13502.0213734717,6.37134210161973
13547.6879993036,6.47830296438601
13593.4935609769,6.5456751074011
13639.4379647315,6.50815070465043
13685.5768286415,6.57622581919611
13731.8545971361,6.5797533387456
13778.2712389579,6.59151598526677
13824.8545475249,6.56254921931656
13871.6045228372,6.59972700693146
13918.5211648948,6.68550725631037
13965.5767115337,6.67974148256623
14012.7988936647,6.83142210070989
14060.1877737994,6.68023134017717
14107.7155272594,6.68018934516995
14155.409947465,6.86331642188471
14203.2710344163,6.80733649263618
14251.2987881131,6.81093501341367
14299.4932085557,6.9062146158275
14347.854295744,6.85127335883839
14396.3542875108,6.79176906505659
14445.0209147761,7.02365415899674
14493.8820022018,6.90484327036579
14542.8819942079,6.96943704740512
14592.0486217089,7.00433918885505
14641.4097093722,7.00243666680149
14690.9097016159,6.99096860977224
14740.5763293545,6.99965922481294
14790.4374172554,7.00647630628326
14840.4374097352,7.02916907087795
14890.6040377126,7.13935917780718
14940.965125851,7.03990473605371
14991.492880735,7.07586755065662
15042.1873023648,7.19909854111961
15093.0483907403,7.287577312091
15144.0761458613,7.23242089637619
15195.2705677279,7.30468138438073
15246.6316563401,7.26281735645649
15298.1871738615,7.25784791197088
15349.9371515488,7.29209699859029
15401.826033813,7.273649464998
15453.881551578,7.41730577881052
15506.1592916591,7.47204560536697
15558.6037297522,7.54179831161451
15611.1870411661,7.49382050218656
15663.9647814925,7.45387037666791
15716.9369819819,7.44758512057056
15770.0758492162,7.58205341817644
15823.4091453578,7.59987247830072
15876.9091395013,7.62717921451209
15930.5757691406,7.67275286257425
15984.4646210988,7.73659874597829
16038.5201710658,7.5761433224323
16092.7423565222,7.64743272718284
16147.1590021416,7.74075306611724
16201.7423145051,7.76161913184937
16256.52005578,7.72106352357922
16311.4922572189,7.86828784982292
16366.658887564,7.89573931802483
16421.9922159101,7.89627857353138
16477.5199419122,7.88562696642158
16533.2421593372,7.93341305883166
16589.1310122523,8.01994515082555
16645.2143253283,8.00703506003589
16701.4920673152,7.99052655626125
16757.9642694657,8.11051203168997
16814.6309005249,8.00086306767519
16871.4919917497,8.1510066331581
16928.5475118817,8.03505958210969
16985.7974921806,8.24400286250375
17043.2141392217,8.20175693610225
17100.8252151766,8.31689107434378
17158.6585134553,8.36392650287301
17216.6862719015,8.47337321349266
17274.9084592543,8.31224710549995
17333.3251067732,8.4723359808932
17391.9361832002,8.40458065477612
17450.7417197917,8.43500220191713
17509.7416852931,8.45144051903098
17568.9361109566,8.47305113422703
17628.3249655326,8.55002377472432
17687.9360424342,8.66196866618641
17747.7415795004,8.60116381223846
17807.7415454769,8.64445752183293
17867.9637337793,8.80176639550579
17928.3803822471,8.74486979545829
17988.9914596248,8.8359362931927
18049.8247593287,8.85471655201762
18110.8802813592,8.86124186504531
18172.130263558,8.9837569609937
18233.5746746639,8.90077509041985
18295.2135459316,8.97668044422191
18357.0746082742,9.01675207352208
18419.1579242024,9.0755734859011
18481.4356690373,8.9839781750888
18543.9078740329,9.08892155348249
18606.6022701068,9.06753687067109
18669.5189197619,9.25833327310836
18732.6299983264,9.20148720209338
18795.9632992181,9.26458647294358
18859.5188224372,9.23213787738411
18923.2965679839,9.28045070184635
18987.2965358581,9.36201902549992
19051.4909638958,9.44290010948401
19115.9075830077,9.44298408198815
19180.5464557027,9.45092126054363
19245.4075194681,9.42119772154729
19310.4908368202,11.0181848818333
19375.7685830795,22.4149851090078
19441.2685516664,9.57139752149398
19507.0185047411,9.64692920419866
19572.9907114051,9.66108168108044
19639.1573469749,9.61575430856635
19705.5462048726,9.72378942992987
19772.1850472594,9.86046901316787
19839.0461432327,9.84467432346983
19906.1294302765,9.83596921390411
19973.4349709031,9.8002906642001
20040.9627026043,9.87225973417087
20108.7404500507,9.88760744266403
20176.7404198247,9.90206764045207
20244.9626119261,10.0554568410959
20313.407026355,10.0427896056909
20382.0736631112,10.2013801185903
20450.9902843593,10.0763898629573
20520.1569213544,10.0900025399681
20589.5457806766,10.0332952088928
20659.156862326,10.1627137659135
20729.0179284657,10.2033177817737
20799.1012481875,10.2937513658307
20869.4067589874,10.1758640403723
20939.9900476903,10.2680705862857
21010.7955899798,10.3549594482622
21081.8233233435,10.2067434048317
21153.1010724508,10.1088809051184
21224.6288060491,10.0672752128674
21296.4065553951,10.1890891349214
21368.4065270671,10.319941783769
21440.6564832314,10.2721861374929
21513.1564551419,10.000724487067
21585.9064115421,10.1695217381265
21658.9063836909,10.0667511211163
21732.1285781651,9.94361747699462
21805.6007571325,10.0658856744402
21879.3229518444,9.85030906328999
21953.295131049,9.99481056986435
22027.5450881602,9.88506321618746
22102.0450610223,9.84295959407269
22176.7672562084,9.68410935122816
22251.7394358882,9.77878574138273
22326.9893934754,9.64036643933804
22402.4893668106,9.46008914222345
22478.2393246362,9.44240649568595
22554.2392982074,9.38546390045201
22630.4892562713,9.30181045986392
22707.0169922433,9.11538493568303
22783.7947439622,9.10654990647398
22860.8224801729,9.02720402744043
22938.127994292,8.89046900012291
23015.6835241575,8.70836026693195
23093.4890385153,8.5960733514536
23171.5723307822,8.4872279082082
23249.933400958,8.32139816144515
23328.5444868802,8.09994667535993
23407.4333194552,8.00189299791132
23486.5999612002,7.79426617315772
23566.0165874335,7.69446390093283
23645.68322941,7.56518697566017
23725.6276180457,7.38810313562883
23805.8498158442,7.30423134706376
23886.3497602959,7.10439769369276
23967.127513916,6.97161908122886
24048.1552520252,6.89929063164329
24129.4607680441,6.72158529675084
24211.0440619726,6.59770145781592
24292.9051338105,6.41418320904429
24375.0439835584,6.35212363936828
24457.4606112157,6.18389255581802
24540.1550167827,6.15052425704531
24623.1272002595,6.0480321027899
24706.4049238056,5.98674436489241
24789.9604565233,5.96566097089496
24873.7659737287,5.93780702907079
24957.8492688436,5.95892465285633
